dose,target_kind,a,b,metric,n_docs,est,lo,hi
q50,active,jacobian_ln,decoder,drift_all_nontarget_rel,42,-0.5420356820541913,-0.5864912338319979,-0.45524638558150865
q50,active,jacobian_ln,decoder,drift_orig_active_rel,42,-0.5881838960387498,-0.6071003317520619,-0.4594477507479604
q50,active,jacobian_ln,decoder,drift_newly_active_rel,42,-0.03366272142453046,-0.04991732926161618,-0.023786897269005042
q50,active,jacobian_ln,decoder,edit_norm,42,-0.5920359768734726,-0.6943157149022979,-0.49860561401809267
q50,active,jacobian_ln,decoder,kl_next_token,14,-1.1395492276973934e-05,-3.705859048934613e-05,-6.4299040876969516e-06
q50,active,jacobian_ln,decoder,dnll_true_next,14,-0.00011919860757581002,-0.0004476595075262324,0.00017293217411085138
q50,active,jacobian_ln,encoder_grad,drift_all_nontarget_rel,42,-0.6556716844678822,-0.7202961697642309,-0.6005398950254368
q50,active,jacobian_ln,encoder_grad,drift_orig_active_rel,42,-0.6809040734397932,-0.7245404100209714,-0.6084717244716387
q50,active,jacobian_ln,encoder_grad,drift_newly_active_rel,42,-0.06697094034716077,-0.08863846278093584,-0.056905434783674456
q50,active,jacobian_ln,encoder_grad,edit_norm,42,0.09260148387751455,0.08573374041639925,0.11621085212852059
q50,active,jacobian_ln,encoder_grad,kl_next_token,14,-6.446718627170017e-07,-1.6227091428834952e-06,-2.0840079511606597e-07
q50,active,jacobian_ln,encoder_grad,dnll_true_next,14,-2.6302086051033235e-05,-0.0002954761945557216,0.00020057063845779766
q50,inactive,jacobian_ln,decoder,drift_all_nontarget_rel,40,-2.5787768882752604,-2.965295781396966,-2.2409213096216685
q50,inactive,jacobian_ln,decoder,drift_orig_active_rel,40,-3.178913125630699,-3.470299169888113,-2.8871729266499564
q50,inactive,jacobian_ln,decoder,drift_newly_active_rel,40,-0.11911908856929318,-0.25872960366985664,0.013587303447137322
q50,inactive,jacobian_ln,decoder,edit_norm,40,-5.546961217791441,-6.48690455507576,-4.7608762447779505
q50,inactive,jacobian_ln,decoder,kl_next_token,13,-0.0003968562204778015,-0.000634319483584512,-0.00010189546123235655
q50,inactive,jacobian_ln,decoder,dnll_true_next,13,-0.0017583437767649812,-0.006313413534252632,0.000279481726904951
q50,inactive,jacobian_ln,encoder_grad,drift_all_nontarget_rel,40,-4.466456014680675,-4.936572919041952,-3.632353779943476
q50,inactive,jacobian_ln,encoder_grad,drift_orig_active_rel,40,-4.591559511470423,-5.168415677995044,-3.875976721739891
q50,inactive,jacobian_ln,encoder_grad,drift_newly_active_rel,40,-1.5553286116424292,-1.7770646022412204,-1.0769966182877329
q50,inactive,jacobian_ln,encoder_grad,edit_norm,40,0.6412747579350319,0.5522263256152877,0.7193492323064947
q50,inactive,jacobian_ln,encoder_grad,kl_next_token,13,7.682224583917312e-06,-2.3185477192134646e-05,4.886046520667635e-05
q50,inactive,jacobian_ln,encoder_grad,dnll_true_next,13,0.0011972939715874098,-0.0011898398150775868,0.0026938799035058913
q90,active,jacobian_ln,decoder,drift_all_nontarget_rel,42,-0.5204441888846595,-0.5766665572364265,-0.43788001334096194
q90,active,jacobian_ln,decoder,drift_orig_active_rel,42,-0.5867838335543261,-0.6034946630801392,-0.45609626452008406
q90,active,jacobian_ln,decoder,drift_newly_active_rel,42,-0.09274072248014589,-0.11484335850127976,-0.06862510826015149
q90,active,jacobian_ln,decoder,edit_norm,42,-2.263678720945694,-3.06274506818686,-2.1119119996106708
q90,active,jacobian_ln,decoder,kl_next_token,14,-0.0002294312044286096,-0.0007151152503929799,-4.4238310137634425e-05
q90,active,jacobian_ln,decoder,dnll_true_next,14,-0.00043937860916576366,-0.0024293834389519375,0.0004739422602607583
q90,active,jacobian_ln,encoder_grad,drift_all_nontarget_rel,42,-0.6469653078850257,-0.7170939179350168,-0.5967563866906602
q90,active,jacobian_ln,encoder_grad,drift_orig_active_rel,42,-0.6808475135014105,-0.7245404163109452,-0.6083243253543842
q90,active,jacobian_ln,encoder_grad,drift_newly_active_rel,42,-0.16549639952158374,-0.17815502889207208,-0.13078775171273166
q90,active,jacobian_ln,encoder_grad,edit_norm,42,0.423698598190674,0.37692227266917255,0.4860178481151517
q90,active,jacobian_ln,encoder_grad,kl_next_token,14,-1.33519756201085e-05,-1.548440945478254e-05,-3.3691266878718675e-06
q90,active,jacobian_ln,encoder_grad,dnll_true_next,14,-0.00011126672156447359,-0.0012658340672198065,0.0007063505990103636
q90,inactive,jacobian_ln,decoder,drift_all_nontarget_rel,40,-0.7412535707173766,-0.9250114330655765,-0.5973200001552715
q90,inactive,jacobian_ln,decoder,drift_orig_active_rel,40,-0.9730688331525957,-1.1477557615822964,-0.8758840013906879
q90,inactive,jacobian_ln,decoder,drift_newly_active_rel,40,-0.07286219605415059,-0.09091462762415181,0.017253288175003316
q90,inactive,jacobian_ln,decoder,edit_norm,40,-7.6514737417857255,-9.264162225282204,-6.080009421506283
q90,inactive,jacobian_ln,decoder,kl_next_token,13,-0.0007330994050349133,-0.0014903782385549255,-0.0003161674331198108
q90,inactive,jacobian_ln,decoder,dnll_true_next,13,-0.0038743566324463963,-0.012518837987393505,0.00020807517142040766
q90,inactive,jacobian_ln,encoder_grad,drift_all_nontarget_rel,40,-1.5500064049972693,-1.7919605058367671,-1.0898946425807083
q90,inactive,jacobian_ln,encoder_grad,drift_orig_active_rel,40,-1.5831671058586223,-1.839256466047146,-1.1493707126947363
q90,inactive,jacobian_ln,encoder_grad,drift_newly_active_rel,40,-0.5734332574866909,-0.7781217776317637,-0.44218381873771495
q90,inactive,jacobian_ln,encoder_grad,edit_norm,40,0.8708446606554849,0.8088522932357853,1.00596081654709
q90,inactive,jacobian_ln,encoder_grad,kl_next_token,13,1.07020623852511e-05,-7.368728779330499e-05,9.073734536345487e-05
q90,inactive,jacobian_ln,encoder_grad,dnll_true_next,13,0.0019991955098768166,-0.001591513426232094,0.003999279527162614
q99,active,jacobian_ln,decoder,drift_all_nontarget_rel,42,-0.5025000974961499,-0.5837786686170803,-0.4205163053306429
q99,active,jacobian_ln,decoder,drift_orig_active_rel,42,-0.5834229745513058,-0.6001855965189125,-0.4520055710926458
q99,active,jacobian_ln,decoder,drift_newly_active_rel,42,-0.16982328163343768,-0.201947442407253,-0.1415440616572112
q99,active,jacobian_ln,decoder,edit_norm,42,-8.818276647909022,-11.745075704928347,-4.560011517738529
q99,active,jacobian_ln,decoder,kl_next_token,14,-0.003766787562511924,-0.011706025535497318,-0.00024825585761260405
q99,active,jacobian_ln,decoder,dnll_true_next,14,-0.002175577370307824,-0.010981029057264724,9.180053440160929e-05
q99,active,jacobian_ln,encoder_grad,drift_all_nontarget_rel,42,-0.6866751307173868,-0.8223240547293555,-0.6129638949285479
q99,active,jacobian_ln,encoder_grad,drift_orig_active_rel,42,-0.6808125195542729,-0.7245404378298415,-0.6082962990243803
q99,active,jacobian_ln,encoder_grad,drift_newly_active_rel,42,-0.2540840644565735,-0.30893354779257143,-0.22089034149104925
q99,active,jacobian_ln,encoder_grad,edit_norm,42,0.9897926111218471,0.895185192924123,1.1234953856219936
q99,active,jacobian_ln,encoder_grad,kl_next_token,14,-5.792960860478391e-05,-0.00017002422387044379,-1.1698929376925925e-05
q99,active,jacobian_ln,encoder_grad,dnll_true_next,14,-0.00024194499359508903,-0.002814250004703922,0.004559488586836746
q99,inactive,jacobian_ln,decoder,drift_all_nontarget_rel,40,-0.429598947626357,-0.5173286245246498,-0.34993294004408826
q99,inactive,jacobian_ln,decoder,drift_orig_active_rel,40,-0.5829250221809664,-0.6851374448734984,-0.485086403666672
q99,inactive,jacobian_ln,decoder,drift_newly_active_rel,40,-0.055735478127126564,-0.09800608714937761,-0.002618439384555152
q99,inactive,jacobian_ln,decoder,edit_norm,40,-13.786286674110002,-17.184273351146196,-10.513761721917657
q99,inactive,jacobian_ln,decoder,kl_next_token,13,-0.002339393707092266,-0.006505030816322527,-0.0008684419330430217
q99,inactive,jacobian_ln,decoder,dnll_true_next,13,-0.009699064069116137,-0.033152631701347524,-0.00013554361932399672
q99,inactive,jacobian_ln,encoder_grad,drift_all_nontarget_rel,40,-1.0204813842218434,-1.220798369558136,-0.8279082765524449
q99,inactive,jacobian_ln,encoder_grad,drift_orig_active_rel,40,-0.9425174929073237,-1.1992523780108346,-0.7067606061111601
q99,inactive,jacobian_ln,encoder_grad,drift_newly_active_rel,40,-0.5747461744294811,-0.6955111371026499,-0.47349009971791844
q99,inactive,jacobian_ln,encoder_grad,edit_norm,40,1.4019806722553105,1.2704662096812585,1.568888834124408
q99,inactive,jacobian_ln,encoder_grad,kl_next_token,13,6.490087083939648e-05,-0.0001473681849751768,0.0001753966495095221
q99,inactive,jacobian_ln,encoder_grad,dnll_true_next,13,0.0028854792826742415,-0.001992728226028362,0.007326635351835975
2xq99,active,jacobian_ln,decoder,drift_all_nontarget_rel,42,-0.5180763767439541,-0.5962068038473654,-0.42077545045489767
2xq99,active,jacobian_ln,decoder,drift_orig_active_rel,42,-0.5659234250364842,-0.5989510679607396,-0.45064343790484246
2xq99,active,jacobian_ln,decoder,drift_newly_active_rel,42,-0.281674864613554,-0.3043705774895455,-0.21564025551955213
2xq99,active,jacobian_ln,decoder,edit_norm,42,-17.636553295818043,-23.490151409856693,-9.120023035477058
2xq99,active,jacobian_ln,decoder,kl_next_token,14,-0.012081166776699069,-0.050241153232091336,-0.000883239559418764
2xq99,active,jacobian_ln,decoder,dnll_true_next,14,-0.011362422972169828,-0.045521913071804754,-0.003823807187069428
2xq99,active,jacobian_ln,encoder_grad,drift_all_nontarget_rel,42,-0.7515559598707204,-0.9282122249464447,-0.6896949533707923
2xq99,active,jacobian_ln,encoder_grad,drift_orig_active_rel,42,-0.6807780455574697,-0.7245404378298443,-0.6082748062298998
2xq99,active,jacobian_ln,encoder_grad,drift_newly_active_rel,42,-0.40694679420946045,-0.5330919644714445,-0.34858114975906684
2xq99,active,jacobian_ln,encoder_grad,edit_norm,42,1.9795852222436943,1.790370385848246,2.246990771243987
2xq99,active,jacobian_ln,encoder_grad,kl_next_token,14,-0.00016027414414340497,-0.0011545507960672712,3.551586255796059e-05
2xq99,active,jacobian_ln,encoder_grad,dnll_true_next,14,-0.0016353992479996027,-0.0081502399031681,0.009649696880168257
2xq99,inactive,jacobian_ln,decoder,drift_all_nontarget_rel,40,-0.29377011081451676,-0.3477215543654442,-0.2502736401684494
2xq99,inactive,jacobian_ln,decoder,drift_orig_active_rel,40,-0.42333510247170436,-0.5068581929205636,-0.37243356032310626
2xq99,inactive,jacobian_ln,decoder,drift_newly_active_rel,40,-0.0467042111495269,-0.13295495935848847,-0.012694381513354674
2xq99,inactive,jacobian_ln,decoder,edit_norm,40,-22.999041597444034,-27.957263131073233,-15.600319020079487
2xq99,inactive,jacobian_ln,decoder,kl_next_token,13,-0.005890564783372017,-0.021223867148673848,-0.0020501399807399106
2xq99,inactive,jacobian_ln,decoder,dnll_true_next,13,-0.02775022948089223,-0.08163687551851595,-0.0012347893291568823
2xq99,inactive,jacobian_ln,encoder_grad,drift_all_nontarget_rel,40,-1.0459718586089695,-1.22884824088101,-0.8798720295600753
2xq99,inactive,jacobian_ln,encoder_grad,drift_orig_active_rel,40,-0.7369438933511667,-0.9495315631971776,-0.5533285693788107
2xq99,inactive,jacobian_ln,encoder_grad,drift_newly_active_rel,40,-0.7001754695305833,-0.8350861397531066,-0.5481427614395945
2xq99,inactive,jacobian_ln,encoder_grad,edit_norm,40,2.3031906353398064,2.085668915580576,2.457196783024547
2xq99,inactive,jacobian_ln,encoder_grad,kl_next_token,13,0.00014210067058715442,-0.00032846431838071523,0.0002781535612294827
2xq99,inactive,jacobian_ln,encoder_grad,dnll_true_next,13,0.0047807154950028075,-0.0030266061687287404,0.010468227912418637
