dose,target_kind,set,method,metric,all_n_docs,all_est,all_lo,all_hi,int_n_docs,int_est,int_lo,int_hi
q99,active,primary,decoder,drift_all_nontarget_rel,42,0.6563952886784605,0.5495523895906633,0.7044979698228355,42,0.6563952886784605,0.5495523895906633,0.7044979698228355
q99,active,primary,decoder,drift_orig_active_rel,42,0.5834229745513102,0.4520055710926532,0.6001855965189161,42,0.5834229745513102,0.4520055710926532,0.6001855965189161
q99,active,primary,decoder,drift_newly_active_rel,42,0.311037155668024,0.23609127563232452,0.34180567098523895,42,0.311037155668024,0.23609127563232452,0.34180567098523895
q99,active,primary,decoder,edit_norm,42,21.634510842419054,12.847741266963943,30.77790072613356,42,21.634510842419054,12.847741266963943,30.77790072613356
q99,active,primary,decoder,kl_next_token,14,0.005324889284307789,0.000522687551663553,0.014775733668588167,14,0.005324889284307789,0.000522687551663553,0.014775733668588167
q99,active,primary,decoder,dnll_true_next,14,0.003438093655709573,-0.0001264041133846039,0.011028845217890826,14,0.003438093655709573,-0.0001264041133846039,0.011028845217890826
q99,active,primary,encoder_grad,drift_all_nontarget_rel,42,0.7782151494709326,0.6911493950353149,0.9350638263569531,42,0.7782151494709326,0.6911493950353149,0.9350638263569531
q99,active,primary,encoder_grad,drift_orig_active_rel,42,0.6808125195542765,0.608296299024384,0.7245404378298507,42,0.6808125195542765,0.608296299024384,0.7245404378298507
q99,active,primary,encoder_grad,drift_newly_active_rel,42,0.3655193956509186,0.3136741061863226,0.4500618470978246,42,0.3655193956509186,0.3136741061863226,0.4500618470978246
q99,active,primary,encoder_grad,edit_norm,42,11.778588237871926,8.167286486810495,16.99912148813543,42,11.778588237871926,8.167286486810495,16.99912148813543
q99,active,primary,encoder_grad,kl_next_token,14,0.0010287257568481723,0.00017705729089784053,0.0027203581310054833,14,0.0010287257568481723,0.00017705729089784053,0.0027203581310054833
q99,active,primary,encoder_grad,dnll_true_next,14,0.0007109157703864,-0.001057799716482677,0.0020521289365111883,14,0.0007109157703864,-0.001057799716482677,0.0020521289365111883
q99,active,primary,jacobian_ln,drift_all_nontarget_rel,42,0.11394563740189091,0.09764416285126477,0.13460428439713418,42,0.11394563740189091,0.09764416285126477,0.13460428439713418
q99,active,primary,jacobian_ln,drift_orig_active_rel,42,4.686846666138614e-15,3.576639185737824e-15,5.687617711493893e-15,42,4.686846666138614e-15,3.576639185737824e-15,5.687617711493893e-15
q99,active,primary,jacobian_ln,drift_newly_active_rel,42,0.11394563740189091,0.09764416285126477,0.13460428439713418,42,0.11394563740189091,0.09764416285126477,0.13460428439713418
q99,active,primary,jacobian_ln,edit_norm,42,12.658478664388387,9.469905396763975,18.49629940483357,42,12.658478664388387,9.469905396763975,18.49629940483357
q99,active,primary,jacobian_ln,kl_next_token,14,0.0009598258120901001,0.00013951058625279915,0.0031903083922033408,14,0.0009598258120901001,0.00013951058625279915,0.0031903083922033408
q99,active,primary,jacobian_ln,dnll_true_next,14,0.000718113202923143,-0.0020838624524159854,0.002514510698206518,14,0.000718113202923143,-0.0020838624524159854,0.002514510698206518
q99,active,secondary,decoder,drift_all_nontarget_rel,42,0.6563952886784605,0.5495523895906633,0.7044979698228355,24,0.5891790684256972,0.5043651668012322,0.6996252746685745
q99,active,secondary,decoder,drift_orig_active_rel,42,0.5834229745513102,0.4520055710926532,0.6001855965189161,24,0.5114903732977457,0.4216970889581293,0.6216592323248261
q99,active,secondary,decoder,drift_newly_active_rel,42,0.311037155668024,0.23609127563232452,0.34180567098523895,24,0.26821242717052146,0.2123664890864343,0.33226143514311446
q99,active,secondary,decoder,edit_norm,42,21.634510842419054,12.847741266963943,30.77790072613356,24,22.17862228523383,11.716760634818241,34.6761160409894
q99,active,secondary,decoder,kl_next_token,14,0.005324889284307789,0.000522687551663553,0.014775733668588167,9,0.008501625592961705,9.776776631266235e-05,0.020258053081330437
q99,active,secondary,decoder,dnll_true_next,14,0.003438093655709573,-0.0001264041133846039,0.011028845217890826,9,0.00212378797160806,-0.00038228336496004545,0.049691852271681825
q99,active,secondary,encoder_grad,drift_all_nontarget_rel,42,0.7782151494709326,0.6911493950353149,0.9350638263569531,24,0.8962376248249537,0.6562996040193119,0.9907849401598898
q99,active,secondary,encoder_grad,drift_orig_active_rel,42,0.6808125195542765,0.608296299024384,0.7245404378298507,24,0.6845768983344628,0.5062529575835257,0.8125070791400516
q99,active,secondary,encoder_grad,drift_newly_active_rel,42,0.3655193956509186,0.3136741061863226,0.4500618470978246,24,0.39777453186352296,0.31098974467664153,0.432692509178492
q99,active,secondary,encoder_grad,edit_norm,42,11.778588237871926,8.167286486810495,16.99912148813543,24,12.490124260648297,6.256485320715412,17.80929218878161
q99,active,secondary,encoder_grad,kl_next_token,14,0.0010287257568481723,0.00017705729089784053,0.0027203581310054833,9,0.0022791600102357677,4.591056398399199e-05,0.004604636429947165
q99,active,secondary,encoder_grad,dnll_true_next,14,0.0007109157703864,-0.001057799716482677,0.0020521289365111883,9,0.0008709337965786546,-0.011320118109416022,0.019772639612048337
q99,active,secondary,jacobian_ln,drift_all_nontarget_rel,42,0.11394563740189091,0.09764416285126477,0.13460428439713418,24,0.11424346451433356,0.09063416317986607,0.13476821933154556
q99,active,secondary,jacobian_ln,drift_orig_active_rel,42,4.686846666138614e-15,3.576639185737824e-15,5.687617711493893e-15,24,5.255445330929059e-15,3.479502092611995e-15,7.134635132390219e-15
q99,active,secondary,jacobian_ln,drift_newly_active_rel,42,0.11394563740189091,0.09764416285126477,0.13460428439713418,24,0.11424346451433356,0.09063416317986607,0.13476821933154556
q99,active,secondary,jacobian_ln,edit_norm,42,12.658478664388387,9.469905396763975,18.49629940483357,24,13.537948531835305,7.149510323345428,18.804179754988855
q99,active,secondary,jacobian_ln,kl_next_token,14,0.0009598258120901001,0.00013951058625279915,0.0031903083922033408,9,0.0018259143900383962,3.5591304776203216e-05,0.004353253642599803
q99,active,secondary,jacobian_ln,dnll_true_next,14,0.000718113202923143,-0.0020838624524159854,0.002514510698206518,9,0.0002895665127784497,-0.022126786993220904,0.014113570157421762
q99,active,secondary,random,drift_all_nontarget_rel,24,107.9075838401858,46.945617045957064,237.5232853433718,24,107.9075838401858,46.945617045957064,237.5232853433718
q99,active,secondary,random,drift_orig_active_rel,24,7.334884838413856,4.322700259882362,10.94998707437344,24,7.334884838413856,4.322700259882362,10.94998707437344
q99,active,secondary,random,drift_newly_active_rel,24,107.69884971241221,46.76807249830607,237.26978596247767,24,107.69884971241221,46.76807249830607,237.26978596247767
q99,active,secondary,random,edit_norm,24,437.75561706061313,270.5017491891392,875.3735062898515,24,437.75561706061313,270.5017491891392,875.3735062898515
q99,active,secondary,random,kl_next_token,9,0.6905610799093205,0.06624702340663523,0.9497832156586261,9,0.6905610799093205,0.06624702340663523,0.9497832156586261
q99,active,secondary,random,dnll_true_next,9,0.6830738853422815,0.034445546872722055,0.8749137300171652,9,0.6830738853422815,0.034445546872722055,0.8749137300171652
q99,inactive,primary,decoder,drift_all_nontarget_rel,40,0.7160250581481865,0.590245044996899,0.81947967908424,40,0.7160250581481865,0.590245044996899,0.81947967908424
q99,inactive,primary,decoder,drift_orig_active_rel,40,0.582925022180971,0.4850864036666784,0.6851374448735041,40,0.582925022180971,0.4850864036666784,0.6851374448735041
q99,inactive,primary,decoder,drift_newly_active_rel,40,0.3608241244283201,0.3033339254845171,0.4155069027611478,40,0.3608241244283201,0.3033339254845171,0.4155069027611478
q99,inactive,primary,decoder,edit_norm,40,36.91491421786418,28.978078886087182,41.54807408155444,40,36.91491421786418,28.978078886087182,41.54807408155444
q99,inactive,primary,decoder,kl_next_token,13,0.003413906762643827,0.0013668957240520795,0.009694423384528111,13,0.003413906762643827,0.0013668957240520795,0.009694423384528111
q99,inactive,primary,decoder,dnll_true_next,13,0.01222432115768779,-0.007919914885519574,0.03806389257835141,13,0.01222432115768779,-0.007919914885519574,0.03806389257835141
q99,inactive,primary,encoder_grad,drift_all_nontarget_rel,40,1.3634178203502847,1.131417423139198,1.5320805149612347,40,1.3634178203502847,1.131417423139198,1.5320805149612347
q99,inactive,primary,encoder_grad,drift_orig_active_rel,40,0.9425174929073279,0.7067606061111669,1.199252378010839,40,0.9425174929073279,0.7067606061111669,1.199252378010839
q99,inactive,primary,encoder_grad,drift_newly_active_rel,40,0.943331489915314,0.7839428793870455,1.0746546134062789,40,0.943331489915314,0.7839428793870455,1.0746546134062789
q99,inactive,primary,encoder_grad,edit_norm,40,21.01351887657194,17.21378214962408,23.7102765835976,40,21.01351887657194,17.21378214962408,23.7102765835976
q99,inactive,primary,encoder_grad,kl_next_token,13,0.0013750873258743127,0.00048526650249560083,0.0024859665906030184,13,0.0013750873258743127,0.00048526650249560083,0.0024859665906030184
q99,inactive,primary,encoder_grad,dnll_true_next,13,0.0007545773007704426,-0.009412452525502601,0.003557109366636446,13,0.0007545773007704426,-0.009412452525502601,0.003557109366636446
q99,inactive,primary,jacobian_ln,drift_all_nontarget_rel,40,0.29514712192374953,0.2696561701110151,0.34215305929055806,40,0.29514712192374953,0.2696561701110151,0.34215305929055806
q99,inactive,primary,jacobian_ln,drift_orig_active_rel,40,5.013002591232405e-15,4.0095893543638175e-15,6.503785478490334e-15,40,5.013002591232405e-15,4.0095893543638175e-15,6.503785478490334e-15
q99,inactive,primary,jacobian_ln,drift_newly_active_rel,40,0.29514712192374953,0.2696561701110151,0.34215305929055806,40,0.29514712192374953,0.2696561701110151,0.34215305929055806
q99,inactive,primary,jacobian_ln,edit_norm,40,22.54445167218521,19.448621140448672,25.17627128399613,40,22.54445167218521,19.448621140448672,25.17627128399613
q99,inactive,primary,jacobian_ln,kl_next_token,13,0.0011586295034783285,0.00039336277314456374,0.003189392568205584,13,0.0011586295034783285,0.00039336277314456374,0.003189392568205584
q99,inactive,primary,jacobian_ln,dnll_true_next,13,-0.001838507993568994,-0.010345564818329933,0.003925971564604058,13,-0.001838507993568994,-0.010345564818329933,0.003925971564604058
q99,inactive,secondary,decoder,drift_all_nontarget_rel,40,0.7160250581481865,0.590245044996899,0.81947967908424,23,0.7397481982226876,0.6021020410484028,0.9432228463840967
q99,inactive,secondary,decoder,drift_orig_active_rel,40,0.582925022180971,0.4850864036666784,0.6851374448735041,23,0.5991270178650371,0.4559696970516893,0.8071064393476466
q99,inactive,secondary,decoder,drift_newly_active_rel,40,0.3608241244283201,0.3033339254845171,0.4155069027611478,23,0.3809379883619889,0.2848895172576717,0.4376071504451154
q99,inactive,secondary,decoder,edit_norm,40,36.91491421786418,28.978078886087182,41.54807408155444,23,37.3912892442891,29.27082570515336,49.3370362515495
q99,inactive,secondary,decoder,kl_next_token,13,0.003413906762643827,0.0013668957240520795,0.009694423384528111,7,0.0017739806351495405,0.0013668957240520795,0.0073402224560326955
q99,inactive,secondary,decoder,dnll_true_next,13,0.01222432115768779,-0.007919914885519574,0.03806389257835141,7,0.004156061807954359,-0.011501577820356435,0.03806389257835141
q99,inactive,secondary,encoder_grad,drift_all_nontarget_rel,40,1.3634178203502847,1.131417423139198,1.5320805149612347,23,1.2437654715384112,0.7370146849986258,1.5158596053145659
q99,inactive,secondary,encoder_grad,drift_orig_active_rel,40,0.9425174929073279,0.7067606061111669,1.199252378010839,23,0.9123918958232566,0.5661322508984116,1.2815864719893133
q99,inactive,secondary,encoder_grad,drift_newly_active_rel,40,0.943331489915314,0.7839428793870455,1.0746546134062789,23,0.872798479062326,0.5552560142402654,1.1303071496900876
q99,inactive,secondary,encoder_grad,edit_norm,40,21.01351887657194,17.21378214962408,23.7102765835976,23,22.0727168430516,16.881339939581565,26.466092055844776
q99,inactive,secondary,encoder_grad,kl_next_token,13,0.0013750873258743127,0.00048526650249560083,0.0024859665906030184,7,0.0008226665913730301,0.00023023310403479894,0.0021773130511239707
q99,inactive,secondary,encoder_grad,dnll_true_next,13,0.0007545773007704426,-0.009412452525502601,0.003557109366636446,7,-0.008312297412373049,-0.01293047690488569,0.003048476251226173
q99,inactive,secondary,jacobian_ln,drift_all_nontarget_rel,40,0.29514712192374953,0.2696561701110151,0.34215305929055806,23,0.2938727601957145,0.2090967629757926,0.3437355379745828
q99,inactive,secondary,jacobian_ln,drift_orig_active_rel,40,5.013002591232405e-15,4.0095893543638175e-15,6.503785478490334e-15,23,4.829618213376704e-15,2.5302849031145133e-15,5.637266324335507e-15
q99,inactive,secondary,jacobian_ln,drift_newly_active_rel,40,0.29514712192374953,0.2696561701110151,0.34215305929055806,23,0.2938727601957145,0.2090967629757926,0.3437355379745828
q99,inactive,secondary,jacobian_ln,edit_norm,40,22.54445167218521,19.448621140448672,25.17627128399613,23,23.421623777370996,18.659279280367787,28.616346531018042
q99,inactive,secondary,jacobian_ln,kl_next_token,13,0.0011586295034783285,0.00039336277314456374,0.003189392568205584,7,0.0008167537278970362,0.00039336277314456374,0.0020676243128214425
q99,inactive,secondary,jacobian_ln,dnll_true_next,13,-0.001838507993568994,-0.010345564818329933,0.003925971564604058,7,-0.003976134355851979,-0.011637121439680431,0.003925971564604058
q99,inactive,secondary,random,drift_all_nontarget_rel,23,347.5425698517619,222.0940109557165,604.1479838640457,23,347.5425698517619,222.0940109557165,604.1479838640457
q99,inactive,secondary,random,drift_orig_active_rel,23,17.441393462227893,7.68952474776888,31.955070689584034,23,17.441393462227893,7.68952474776888,31.955070689584034
q99,inactive,secondary,random,drift_newly_active_rel,23,347.38175921167556,221.65347892072708,603.6694997725374,23,347.38175921167556,221.65347892072708,603.6694997725374
q99,inactive,secondary,random,edit_norm,23,1174.114891810143,593.9380610092169,1837.121294121522,23,1174.114891810143,593.9380610092169,1837.121294121522
q99,inactive,secondary,random,kl_next_token,7,0.32666351918849884,0.1369866045915438,0.9800030956837265,7,0.32666351918849884,0.1369866045915438,0.9800030956837265
q99,inactive,secondary,random,dnll_true_next,7,0.44051328306196735,0.20330703388893978,0.8900553810927541,7,0.44051328306196735,0.20330703388893978,0.8900553810927541
