mode,dose,method,target_kind,n_rows,OK,OK_BUT_ABOVE_TOL,OK_UNMATCHED,INFEASIBLE,RAW_OFF_SLICE_ONLY,n_docs_with_row,reasons
equal_norm,0.025,decoder,active,64,64,0,0,0,0,42,
equal_norm,0.025,decoder,inactive,64,64,0,0,0,0,40,
equal_norm,0.025,encoder_grad,active,64,64,0,0,0,0,42,
equal_norm,0.025,encoder_grad,inactive,64,64,0,0,0,0,40,
equal_norm,0.025,jacobian_ln,active,64,64,0,0,0,0,42,
equal_norm,0.025,jacobian_ln,inactive,64,64,0,0,0,0,40,
equal_norm,0.025,mean_only,active,64,64,0,0,0,0,42,
equal_norm,0.025,mean_only,inactive,64,64,0,0,0,0,40,
equal_norm,0.025,random,active,64,64,0,0,0,0,42,
equal_norm,0.025,random,inactive,64,64,0,0,0,0,40,
equal_norm,0.05,decoder,active,64,64,0,0,0,0,42,
equal_norm,0.05,decoder,inactive,64,64,0,0,0,0,40,
equal_norm,0.05,encoder_grad,active,64,64,0,0,0,0,42,
equal_norm,0.05,encoder_grad,inactive,64,64,0,0,0,0,40,
equal_norm,0.05,jacobian_ln,active,64,64,0,0,0,0,42,
equal_norm,0.05,jacobian_ln,inactive,64,64,0,0,0,0,40,
equal_norm,0.05,mean_only,active,64,64,0,0,0,0,42,
equal_norm,0.05,mean_only,inactive,64,64,0,0,0,0,40,
equal_norm,0.05,random,active,64,64,0,0,0,0,42,
equal_norm,0.05,random,inactive,64,64,0,0,0,0,40,
equal_norm,0.1,decoder,active,64,64,0,0,0,0,42,
equal_norm,0.1,decoder,inactive,64,64,0,0,0,0,40,
equal_norm,0.1,encoder_grad,active,64,64,0,0,0,0,42,
equal_norm,0.1,encoder_grad,inactive,64,64,0,0,0,0,40,
equal_norm,0.1,jacobian_ln,active,64,64,0,0,0,0,42,
equal_norm,0.1,jacobian_ln,inactive,64,64,0,0,0,0,40,
equal_norm,0.1,mean_only,active,64,64,0,0,0,0,42,
equal_norm,0.1,mean_only,inactive,64,64,0,0,0,0,40,
equal_norm,0.1,random,active,64,64,0,0,0,0,42,
equal_norm,0.1,random,inactive,64,64,0,0,0,0,40,
equal_norm,0.2,decoder,active,64,64,0,0,0,0,42,
equal_norm,0.2,decoder,inactive,64,64,0,0,0,0,40,
equal_norm,0.2,encoder_grad,active,64,64,0,0,0,0,42,
equal_norm,0.2,encoder_grad,inactive,64,64,0,0,0,0,40,
equal_norm,0.2,jacobian_ln,active,64,64,0,0,0,0,42,
equal_norm,0.2,jacobian_ln,inactive,64,64,0,0,0,0,40,
equal_norm,0.2,mean_only,active,64,64,0,0,0,0,42,
equal_norm,0.2,mean_only,inactive,64,64,0,0,0,0,40,
equal_norm,0.2,random,active,64,64,0,0,0,0,42,
equal_norm,0.2,random,inactive,64,64,0,0,0,0,40,
target_matched,2xq99,decoder,active,64,64,0,0,0,0,42,
target_matched,2xq99,decoder,inactive,64,64,0,0,0,0,40,
target_matched,2xq99,decoder_calib_rescaled,active,64,0,0,64,0,0,42,
target_matched,2xq99,decoder_calib_rescaled,inactive,64,0,0,64,0,0,40,
target_matched,2xq99,decoder_plain,active,64,0,0,64,0,0,42,
target_matched,2xq99,decoder_plain,inactive,64,0,0,64,0,0,40,
target_matched,2xq99,encoder_grad,active,64,64,0,0,0,0,42,
target_matched,2xq99,encoder_grad,inactive,64,64,0,0,0,0,40,
target_matched,2xq99,jacobian_ln,active,64,64,0,0,0,0,42,
target_matched,2xq99,jacobian_ln,inactive,64,64,0,0,0,0,40,
target_matched,2xq99,mean_only,active,64,0,0,0,0,64,42,
target_matched,2xq99,mean_only,inactive,64,0,0,0,0,64,40,
target_matched,2xq99,random,active,64,31,0,0,33,0,42,no s >= 0 reaches the target x33
target_matched,2xq99,random,inactive,64,29,0,0,35,0,40,no s >= 0 reaches the target x35
target_matched,q50,decoder,active,64,64,0,0,0,0,42,
target_matched,q50,decoder,inactive,64,64,0,0,0,0,40,
target_matched,q50,decoder_calib_rescaled,active,64,0,0,64,0,0,42,
target_matched,q50,decoder_calib_rescaled,inactive,64,0,0,64,0,0,40,
target_matched,q50,decoder_plain,active,64,0,0,64,0,0,42,
target_matched,q50,decoder_plain,inactive,64,0,0,64,0,0,40,
target_matched,q50,encoder_grad,active,64,64,0,0,0,0,42,
target_matched,q50,encoder_grad,inactive,64,64,0,0,0,0,40,
target_matched,q50,jacobian_ln,active,64,64,0,0,0,0,42,
target_matched,q50,jacobian_ln,inactive,64,64,0,0,0,0,40,
target_matched,q50,mean_only,active,64,0,0,0,0,64,42,
target_matched,q50,mean_only,inactive,64,0,0,0,0,64,40,
target_matched,q50,random,active,64,31,0,0,33,0,42,no s >= 0 reaches the target x33
target_matched,q50,random,inactive,64,29,0,0,35,0,40,no s >= 0 reaches the target x35
target_matched,q90,decoder,active,64,64,0,0,0,0,42,
target_matched,q90,decoder,inactive,64,64,0,0,0,0,40,
target_matched,q90,decoder_calib_rescaled,active,64,0,0,64,0,0,42,
target_matched,q90,decoder_calib_rescaled,inactive,64,0,0,64,0,0,40,
target_matched,q90,decoder_plain,active,64,0,0,64,0,0,42,
target_matched,q90,decoder_plain,inactive,64,0,0,64,0,0,40,
target_matched,q90,encoder_grad,active,64,64,0,0,0,0,42,
target_matched,q90,encoder_grad,inactive,64,64,0,0,0,0,40,
target_matched,q90,jacobian_ln,active,64,64,0,0,0,0,42,
target_matched,q90,jacobian_ln,inactive,64,64,0,0,0,0,40,
target_matched,q90,mean_only,active,64,0,0,0,0,64,42,
target_matched,q90,mean_only,inactive,64,0,0,0,0,64,40,
target_matched,q90,random,active,64,31,0,0,33,0,42,no s >= 0 reaches the target x33
target_matched,q90,random,inactive,64,29,0,0,35,0,40,no s >= 0 reaches the target x35
target_matched,q99,decoder,active,64,64,0,0,0,0,42,
target_matched,q99,decoder,inactive,64,64,0,0,0,0,40,
target_matched,q99,decoder_calib_rescaled,active,64,0,0,64,0,0,42,
target_matched,q99,decoder_calib_rescaled,inactive,64,0,0,64,0,0,40,
target_matched,q99,decoder_plain,active,64,0,0,64,0,0,42,
target_matched,q99,decoder_plain,inactive,64,0,0,64,0,0,40,
target_matched,q99,encoder_grad,active,64,64,0,0,0,0,42,
target_matched,q99,encoder_grad,inactive,64,64,0,0,0,0,40,
target_matched,q99,jacobian_ln,active,64,64,0,0,0,0,42,
target_matched,q99,jacobian_ln,inactive,64,64,0,0,0,0,40,
target_matched,q99,mean_only,active,64,0,0,0,0,64,42,
target_matched,q99,mean_only,inactive,64,0,0,0,0,64,40,
target_matched,q99,random,active,64,31,0,0,33,0,42,no s >= 0 reaches the target x33
target_matched,q99,random,inactive,64,29,0,0,35,0,40,no s >= 0 reaches the target x35
