experiment_id,check,seed,k,rank,residual_rel,rowspace_err,pythagoras_rel_err,nullspace_probes_not_shorter,cgls_vs_dense_rel,cgls_iters,pass,cert_MTr_rel,cert_rt_over_rr,residual_abs,expected_residual,attainable_flag,achieved_post,requested_post,target_rel_err,trial,target_entered,n_cross_off,n_active_after,leak_rel_all
P3-T3-FEASIBILITY,full_rank_least_norm,1000,4,4,8.814223954760689e-16,6.481102123103826e-16,9.689495994648196e-16,1,7.902572560292083e-16,4,1,,,,,,,,,,,,,
P3-T3-FEASIBILITY,full_rank_least_norm,1000,8,8,3.309276716492686e-15,3.37243259823199e-15,2.8402986787268076e-15,1,3.4053274122266508e-15,8,1,,,,,,,,,,,,,
P3-T3-FEASIBILITY,full_rank_least_norm,1000,12,12,8.196925417925233e-15,3.3818961384522138e-15,7.33238758309139e-15,1,3.1813610179949478e-15,14,1,,,,,,,,,,,,,
P3-T3-FEASIBILITY,full_rank_least_norm,1000,16,16,2.9485251343549696e-15,1.867975024362456e-15,8.221744565159013e-15,1,5.6672061790171734e-14,19,1,,,,,,,,,,,,,
P3-T3-FEASIBILITY,rank_deficient_infeasible,1000,20,16,0.4348687460301432,,,,,,1,1.3363314277297063e-15,0.9999999999999998,,,,,,,,,,,
P3-T3-FEASIBILITY,rank_deficient_feasible_control,1000,20,16,3.688946273605769e-15,,,,,,1,,,,,,,,,,,,,
P3-T3-FEASIBILITY,rank_deficient_infeasible,1000,32,16,0.5009848039786832,,,,,,1,1.5017974370742353e-15,1.0000000000000007,,,,,,,,,,,
P3-T3-FEASIBILITY,rank_deficient_feasible_control,1000,32,16,6.143827163080621e-15,,,,,,1,,,,,,,,,,,,,
P3-T3-FEASIBILITY,low_rank_rows,1000,8,5,0.48467618168619264,,,,,,1,5.404294329821776e-15,1.000000000000006,,,,,,,,,,,
P3-T3-FEASIBILITY,duplicate_rows_conflict,1000,5,4,,,,,,,1,,,0.7071067811865475,0.7071067811865475,,,,,,,,,
P3-T3-FEASIBILITY,range_infeasible_relu,1000,,,,,,,,,1,,,,,0,0.0,-1.0,0.43218193770298285,,,,,
P3-T3-FEASIBILITY,range_infeasible_jumprelu,1000,,,,,,,,,1,,,,,0,0.0,0.25,,,,,,
P3-T3-FEASIBILITY,topk_eviction,1000,,,,,,,,,1,,,,,,,,,0,1,1,3,0.5895690969090511
P3-T3-FEASIBILITY,full_rank_least_norm,1001,4,4,2.1895426868257062e-16,2.674667860962566e-16,3.807690137840716e-16,1,2.2511065331678984e-16,4,1,,,,,,,,,,,,,
P3-T3-FEASIBILITY,full_rank_least_norm,1001,8,8,1.400076320149008e-15,7.562461625611181e-16,1.587953654301605e-15,1,2.7642259758219443e-14,8,1,,,,,,,,,,,,,
P3-T3-FEASIBILITY,full_rank_least_norm,1001,12,12,4.17882569902563e-15,3.027237280891299e-15,3.585691510735373e-15,1,1.4873245789984866e-13,13,1,,,,,,,,,,,,,
P3-T3-FEASIBILITY,full_rank_least_norm,1001,16,16,6.6488984575266646e-15,1.4561801382895197e-15,7.326201228706861e-15,1,4.726315552917391e-14,20,1,,,,,,,,,,,,,
P3-T3-FEASIBILITY,rank_deficient_infeasible,1001,20,16,0.46650777905486795,,,,,,1,9.761259370402488e-16,0.9999999999999979,,,,,,,,,,,
P3-T3-FEASIBILITY,rank_deficient_feasible_control,1001,20,16,2.123600334234697e-15,,,,,,1,,,,,,,,,,,,,
P3-T3-FEASIBILITY,rank_deficient_infeasible,1001,32,16,0.8877201673566494,,,,,,1,6.703317725329187e-16,0.9999999999999997,,,,,,,,,,,
P3-T3-FEASIBILITY,rank_deficient_feasible_control,1001,32,16,5.253422830886682e-15,,,,,,1,,,,,,,,,,,,,
P3-T3-FEASIBILITY,low_rank_rows,1001,8,5,0.710624265302243,,,,,,1,1.6831064082095628e-16,1.0,,,,,,,,,,,
P3-T3-FEASIBILITY,duplicate_rows_conflict,1001,5,4,,,,,,,1,,,0.7071067811865476,0.7071067811865475,,,,,,,,,
P3-T3-FEASIBILITY,range_infeasible_relu,1001,,,,,,,,,1,,,,,0,0.0,-1.0,0.5584122082393821,,,,,
P3-T3-FEASIBILITY,range_infeasible_jumprelu,1001,,,,,,,,,1,,,,,0,0.0,0.25,,,,,,
P3-T3-FEASIBILITY,topk_eviction,1001,,,,,,,,,1,,,,,,,,,0,1,1,3,0.7097644553514438
P3-T3-FEASIBILITY,full_rank_least_norm,1002,4,4,2.264617454986262e-16,1.8505339401711363e-16,4.648472608627287e-16,1,5.931672492374321e-16,4,1,,,,,,,,,,,,,
P3-T3-FEASIBILITY,full_rank_least_norm,1002,8,8,5.6021535250817906e-15,4.914864805780477e-15,2.823276883665801e-15,1,5.159562392260848e-15,8,1,,,,,,,,,,,,,
P3-T3-FEASIBILITY,full_rank_least_norm,1002,12,12,1.1512823138988317e-14,4.4275924454774535e-15,1.0172359982720684e-14,1,4.649085575355253e-15,14,1,,,,,,,,,,,,,
P3-T3-FEASIBILITY,full_rank_least_norm,1002,16,16,7.60440518302684e-15,1.8557279447306938e-15,3.508379254939193e-14,1,7.548942680880034e-15,21,1,,,,,,,,,,,,,
P3-T3-FEASIBILITY,rank_deficient_infeasible,1002,20,16,0.5297965791019241,,,,,,1,1.4722416398884043e-15,1.0000000000000033,,,,,,,,,,,
P3-T3-FEASIBILITY,rank_deficient_feasible_control,1002,20,16,6.232561990652078e-15,,,,,,1,,,,,,,,,,,,,
P3-T3-FEASIBILITY,rank_deficient_infeasible,1002,32,16,0.7397449216303474,,,,,,1,4.541670542816037e-16,1.0000000000000007,,,,,,,,,,,
P3-T3-FEASIBILITY,rank_deficient_feasible_control,1002,32,16,1.668478004229179e-15,,,,,,1,,,,,,,,,,,,,
P3-T3-FEASIBILITY,low_rank_rows,1002,8,5,0.5542420118384809,,,,,,1,3.8648996717386077e-14,1.0000000000000278,,,,,,,,,,,
P3-T3-FEASIBILITY,duplicate_rows_conflict,1002,5,4,,,,,,,1,,,0.7071067811865476,0.7071067811865475,,,,,,,,,
P3-T3-FEASIBILITY,range_infeasible_relu,1002,,,,,,,,,1,,,,,0,0.0,-1.0,0.7114658022036152,,,,,
P3-T3-FEASIBILITY,range_infeasible_jumprelu,1002,,,,,,,,,1,,,,,0,0.0,0.25,,,,,,
P3-T3-FEASIBILITY,topk_eviction,1002,,,,,,,,,1,,,,,,,,,0,0,2,3,2.6743879551465106
P3-T3-FEASIBILITY,full_rank_least_norm,1003,4,4,7.2345398981699e-16,8.051336823811981e-16,3.848542896725316e-16,1,6.973384731387579e-16,4,1,,,,,,,,,,,,,
P3-T3-FEASIBILITY,full_rank_least_norm,1003,8,8,5.175965844368034e-15,2.8815390473621766e-15,2.8660588601561433e-15,1,1.564851494694852e-14,8,1,,,,,,,,,,,,,
P3-T3-FEASIBILITY,full_rank_least_norm,1003,12,12,9.978794668106309e-15,3.217192528969738e-15,8.890437481895551e-15,1,2.287305028494448e-15,13,1,,,,,,,,,,,,,
P3-T3-FEASIBILITY,full_rank_least_norm,1003,16,16,1.1829874813217905e-14,3.456711705734961e-14,1.408393065124426e-12,1,5.659973033417624e-14,21,1,,,,,,,,,,,,,
P3-T3-FEASIBILITY,rank_deficient_infeasible,1003,20,16,0.2915262670700364,,,,,,1,4.114338156135058e-15,1.0000000000000022,,,,,,,,,,,
P3-T3-FEASIBILITY,rank_deficient_feasible_control,1003,20,16,5.718849745124363e-15,,,,,,1,,,,,,,,,,,,,
P3-T3-FEASIBILITY,rank_deficient_infeasible,1003,32,16,0.8008484003283978,,,,,,1,1.1499609512884535e-15,0.9999999999999996,,,,,,,,,,,
P3-T3-FEASIBILITY,rank_deficient_feasible_control,1003,32,16,1.0964402667297183e-14,,,,,,1,,,,,,,,,,,,,
P3-T3-FEASIBILITY,low_rank_rows,1003,8,5,0.8784904802115003,,,,,,1,7.547818931952654e-17,1.0,,,,,,,,,,,
P3-T3-FEASIBILITY,duplicate_rows_conflict,1003,5,4,,,,,,,1,,,0.7071067811865476,0.7071067811865475,,,,,,,,,
P3-T3-FEASIBILITY,range_infeasible_relu,1003,,,,,,,,,1,,,,,0,0.0,-0.9999999999999999,0.9767264182513062,,,,,
P3-T3-FEASIBILITY,range_infeasible_jumprelu,1003,,,,,,,,,1,,,,,0,0.0,0.25,,,,,,
P3-T3-FEASIBILITY,topk_eviction,1003,,,,,,,,,1,,,,,,,,,0,1,1,3,0.6513692599053539
P3-T3-FEASIBILITY,full_rank_least_norm,1004,4,4,2.4342365664100364e-16,2.81895475234514e-16,4.714842249422409e-16,1,3.1950820142441026e-16,4,1,,,,,,,,,,,,,
P3-T3-FEASIBILITY,full_rank_least_norm,1004,8,8,4.980819918033154e-15,4.5815430554535565e-15,7.367787033083391e-15,1,4.75926851041122e-15,8,1,,,,,,,,,,,,,
P3-T3-FEASIBILITY,full_rank_least_norm,1004,12,12,1.105153925897698e-14,6.595356214925962e-15,1.1006924190012314e-14,1,7.313158595796107e-15,13,1,,,,,,,,,,,,,
P3-T3-FEASIBILITY,full_rank_least_norm,1004,16,16,8.866375436700839e-15,3.6057626910949e-15,1.2456845390140186e-13,1,3.306645791922604e-14,21,1,,,,,,,,,,,,,
P3-T3-FEASIBILITY,rank_deficient_infeasible,1004,20,16,0.18495256873493243,,,,,,1,5.27263346435967e-15,1.0000000000000848,,,,,,,,,,,
P3-T3-FEASIBILITY,rank_deficient_feasible_control,1004,20,16,5.355508624150342e-15,,,,,,1,,,,,,,,,,,,,
P3-T3-FEASIBILITY,rank_deficient_infeasible,1004,32,16,0.7442186107196297,,,,,,1,1.7381756615435164e-15,1.0000000000000004,,,,,,,,,,,
P3-T3-FEASIBILITY,rank_deficient_feasible_control,1004,32,16,4.022887240872237e-15,,,,,,1,,,,,,,,,,,,,
P3-T3-FEASIBILITY,low_rank_rows,1004,8,5,0.7950058549856582,,,,,,1,1.395868478944375e-16,0.9999999999999999,,,,,,,,,,,
P3-T3-FEASIBILITY,duplicate_rows_conflict,1004,5,4,,,,,,,1,,,0.7071067811865476,0.7071067811865475,,,,,,,,,
P3-T3-FEASIBILITY,range_infeasible_relu,1004,,,,,,,,,1,,,,,0,0.0,-1.0,0.3128521338356501,,,,,
P3-T3-FEASIBILITY,range_infeasible_jumprelu,1004,,,,,,,,,1,,,,,0,0.0,0.25,,,,,,
P3-T3-FEASIBILITY,topk_eviction,1004,,,,,,,,,1,,,,,,,,,0,1,2,3,0.7530431837371323
P3-T3-FEASIBILITY,full_rank_least_norm,1005,4,4,2.5149999258298875e-16,3.1997444135978956e-16,5.60762446235089e-16,1,7.459848276869107e-16,4,1,,,,,,,,,,,,,
P3-T3-FEASIBILITY,full_rank_least_norm,1005,8,8,4.234343331203635e-15,2.540915429586149e-15,3.179172221824056e-15,1,9.255424779926906e-15,8,1,,,,,,,,,,,,,
P3-T3-FEASIBILITY,full_rank_least_norm,1005,12,12,1.0761273358836398e-14,5.895602565999487e-15,1.1670846425812393e-14,1,9.176125151070233e-14,14,1,,,,,,,,,,,,,
P3-T3-FEASIBILITY,full_rank_least_norm,1005,16,16,4.437591815628424e-15,4.460333849679021e-15,1.0687345471985094e-13,1,2.0899216535403914e-14,19,1,,,,,,,,,,,,,
P3-T3-FEASIBILITY,rank_deficient_infeasible,1005,20,16,0.6107094959051531,,,,,,1,2.852001141159046e-15,0.9999999999999938,,,,,,,,,,,
P3-T3-FEASIBILITY,rank_deficient_feasible_control,1005,20,16,7.364596653639256e-15,,,,,,1,,,,,,,,,,,,,
P3-T3-FEASIBILITY,rank_deficient_infeasible,1005,32,16,0.641157896398404,,,,,,1,2.625793379087598e-15,0.9999999999999947,,,,,,,,,,,
P3-T3-FEASIBILITY,rank_deficient_feasible_control,1005,32,16,4.898765618270213e-15,,,,,,1,,,,,,,,,,,,,
P3-T3-FEASIBILITY,low_rank_rows,1005,8,5,0.5521640732841117,,,,,,1,5.268174881898012e-16,0.9999999999999981,,,,,,,,,,,
P3-T3-FEASIBILITY,duplicate_rows_conflict,1005,5,4,,,,,,,1,,,0.7071067811865476,0.7071067811865475,,,,,,,,,
P3-T3-FEASIBILITY,range_infeasible_relu,1005,,,,,,,,,1,,,,,0,0.0,-1.0,0.6956201219048577,,,,,
P3-T3-FEASIBILITY,range_infeasible_jumprelu,1005,,,,,,,,,1,,,,,0,0.0,0.25,,,,,,
P3-T3-FEASIBILITY,topk_eviction,1005,,,,,,,,,1,,,,,,,,,1,1,2,3,1.4882483795674923
P3-T3-FEASIBILITY,full_rank_least_norm,1006,4,4,3.2294735141144687e-15,2.247320030465175e-15,8.528092581035352e-16,1,2.25513756303613e-15,4,1,,,,,,,,,,,,,
P3-T3-FEASIBILITY,full_rank_least_norm,1006,8,8,1.3979008799277515e-14,6.9294267499807274e-15,7.842736299016705e-15,1,6.915300349147799e-15,8,1,,,,,,,,,,,,,
P3-T3-FEASIBILITY,full_rank_least_norm,1006,12,12,1.0081631488471132e-14,6.619164808054651e-15,1.1755675549208133e-14,1,1.5106883968256535e-14,13,1,,,,,,,,,,,,,
P3-T3-FEASIBILITY,full_rank_least_norm,1006,16,16,6.657579859808167e-15,5.855031851292945e-15,5.849465436109451e-14,1,1.0894484911757637e-14,19,1,,,,,,,,,,,,,
P3-T3-FEASIBILITY,rank_deficient_infeasible,1006,20,16,0.36585180950147034,,,,,,1,4.3880896180885616e-15,0.9999999999999969,,,,,,,,,,,
P3-T3-FEASIBILITY,rank_deficient_feasible_control,1006,20,16,5.068521452996414e-15,,,,,,1,,,,,,,,,,,,,
P3-T3-FEASIBILITY,rank_deficient_infeasible,1006,32,16,0.7408156014760088,,,,,,1,4.705651945833154e-16,0.9999999999999999,,,,,,,,,,,
P3-T3-FEASIBILITY,rank_deficient_feasible_control,1006,32,16,3.856446903762033e-15,,,,,,1,,,,,,,,,,,,,
P3-T3-FEASIBILITY,low_rank_rows,1006,8,5,0.6674245358475414,,,,,,1,1.9454592031951447e-16,0.9999999999999996,,,,,,,,,,,
P3-T3-FEASIBILITY,duplicate_rows_conflict,1006,5,4,,,,,,,1,,,0.7071067811865476,0.7071067811865475,,,,,,,,,
P3-T3-FEASIBILITY,range_infeasible_relu,1006,,,,,,,,,1,,,,,0,0.0,-1.0,0.3975688822109132,,,,,
P3-T3-FEASIBILITY,range_infeasible_jumprelu,1006,,,,,,,,,1,,,,,0,0.0,0.25,,,,,,
P3-T3-FEASIBILITY,topk_eviction,1006,,,,,,,,,1,,,,,,,,,0,1,1,3,0.6189004157125482
P3-T3-FEASIBILITY,full_rank_least_norm,1007,4,4,5.829188072357534e-16,4.910488092833459e-16,4.031748591209244e-16,1,5.826853543128946e-16,4,1,,,,,,,,,,,,,
P3-T3-FEASIBILITY,full_rank_least_norm,1007,8,8,2.0082547899150596e-15,2.553463917244327e-15,1.5162828212739754e-15,1,2.695961333281977e-15,8,1,,,,,,,,,,,,,
P3-T3-FEASIBILITY,full_rank_least_norm,1007,12,12,4.443280955046617e-15,1.392521389053748e-15,3.783728441481924e-15,1,1.8693168506984446e-14,13,1,,,,,,,,,,,,,
P3-T3-FEASIBILITY,full_rank_least_norm,1007,16,16,4.996073138559625e-15,2.3998230179245403e-15,2.3489185501760862e-14,1,1.80763009970421e-14,20,1,,,,,,,,,,,,,
P3-T3-FEASIBILITY,rank_deficient_infeasible,1007,20,16,0.701652639822356,,,,,,1,1.1963068577008853e-15,1.0000000000000002,,,,,,,,,,,
P3-T3-FEASIBILITY,rank_deficient_feasible_control,1007,20,16,1.999414276208065e-15,,,,,,1,,,,,,,,,,,,,
P3-T3-FEASIBILITY,rank_deficient_infeasible,1007,32,16,0.7001134255279324,,,,,,1,9.999710520338684e-16,1.0000000000000022,,,,,,,,,,,
P3-T3-FEASIBILITY,rank_deficient_feasible_control,1007,32,16,2.2958349251200173e-15,,,,,,1,,,,,,,,,,,,,
P3-T3-FEASIBILITY,low_rank_rows,1007,8,5,0.667996406581818,,,,,,1,8.23759198558591e-16,0.9999999999999998,,,,,,,,,,,
P3-T3-FEASIBILITY,duplicate_rows_conflict,1007,5,4,,,,,,,1,,,0.7071067811865476,0.7071067811865475,,,,,,,,,
P3-T3-FEASIBILITY,range_infeasible_relu,1007,,,,,,,,,1,,,,,0,0.0,-1.0,0.773265873152319,,,,,
P3-T3-FEASIBILITY,range_infeasible_jumprelu,1007,,,,,,,,,1,,,,,0,0.0,0.25,,,,,,
P3-T3-FEASIBILITY,topk_eviction,1007,,,,,,,,,1,,,,,,,,,0,1,1,3,0.6838548557355049
P3-T3-FEASIBILITY,full_rank_least_norm,1008,4,4,2.0151912802723573e-16,3.378559471247227e-16,5.657458561882792e-16,1,2.856923285101362e-16,4,1,,,,,,,,,,,,,
P3-T3-FEASIBILITY,full_rank_least_norm,1008,8,8,2.873041700960448e-15,1.881342162103671e-15,1.9876736070003082e-15,1,2.763325196376293e-15,8,1,,,,,,,,,,,,,
P3-T3-FEASIBILITY,full_rank_least_norm,1008,12,12,3.999048288464034e-15,3.4721878148564255e-15,5.0358241686517774e-15,1,2.110519485798888e-14,14,1,,,,,,,,,,,,,
P3-T3-FEASIBILITY,full_rank_least_norm,1008,16,16,6.873721759377185e-15,3.3995540189515056e-14,6.958457084668316e-13,1,1.0759263444565102e-13,23,1,,,,,,,,,,,,,
P3-T3-FEASIBILITY,rank_deficient_infeasible,1008,20,16,0.44109099370828,,,,,,1,2.2548020197699906e-15,1.000000000000002,,,,,,,,,,,
P3-T3-FEASIBILITY,rank_deficient_feasible_control,1008,20,16,5.718830820009563e-15,,,,,,1,,,,,,,,,,,,,
P3-T3-FEASIBILITY,rank_deficient_infeasible,1008,32,16,0.6796984190770091,,,,,,1,6.404630316009057e-16,0.9999999999999996,,,,,,,,,,,
P3-T3-FEASIBILITY,rank_deficient_feasible_control,1008,32,16,3.5413710882034904e-15,,,,,,1,,,,,,,,,,,,,
P3-T3-FEASIBILITY,low_rank_rows,1008,8,5,0.6094424053201811,,,,,,1,1.0102350531670662e-15,0.9999999999999992,,,,,,,,,,,
P3-T3-FEASIBILITY,duplicate_rows_conflict,1008,5,4,,,,,,,1,,,0.7071067811865476,0.7071067811865475,,,,,,,,,
P3-T3-FEASIBILITY,range_infeasible_relu,1008,,,,,,,,,1,,,,,0,0.0,-1.0,0.39969203458297375,,,,,
P3-T3-FEASIBILITY,range_infeasible_jumprelu,1008,,,,,,,,,1,,,,,0,0.0,0.25,,,,,,
P3-T3-FEASIBILITY,topk_eviction,1008,,,,,,,,,1,,,,,,,,,0,0,2,3,2.0410797935502427
P3-T3-FEASIBILITY,full_rank_least_norm,1009,4,4,6.180011523066973e-16,5.836245781800567e-16,5.402154102227588e-16,1,6.701131564052073e-16,4,1,,,,,,,,,,,,,
P3-T3-FEASIBILITY,full_rank_least_norm,1009,8,8,6.681358285438567e-15,2.390765070317102e-15,3.4666881161104017e-15,1,2.4403742165366063e-15,8,1,,,,,,,,,,,,,
P3-T3-FEASIBILITY,full_rank_least_norm,1009,12,12,6.489724988252796e-15,3.715969095183955e-15,5.571430744332904e-15,1,7.12717734306614e-14,13,1,,,,,,,,,,,,,
P3-T3-FEASIBILITY,full_rank_least_norm,1009,16,16,7.092445563901231e-15,3.791098243456335e-15,4.7877466329193204e-14,1,9.62369217634988e-15,19,1,,,,,,,,,,,,,
P3-T3-FEASIBILITY,rank_deficient_infeasible,1009,20,16,0.5007597547030789,,,,,,1,2.5559424910633334e-15,1.0000000000000027,,,,,,,,,,,
P3-T3-FEASIBILITY,rank_deficient_feasible_control,1009,20,16,8.278412181004994e-15,,,,,,1,,,,,,,,,,,,,
P3-T3-FEASIBILITY,rank_deficient_infeasible,1009,32,16,0.7095486838956114,,,,,,1,1.2143566659597302e-15,1.0000000000000022,,,,,,,,,,,
P3-T3-FEASIBILITY,rank_deficient_feasible_control,1009,32,16,3.376785997172546e-15,,,,,,1,,,,,,,,,,,,,
P3-T3-FEASIBILITY,low_rank_rows,1009,8,5,0.6131694257805852,,,,,,1,3.3264969463232137e-15,0.999999999999995,,,,,,,,,,,
P3-T3-FEASIBILITY,duplicate_rows_conflict,1009,5,4,,,,,,,1,,,0.7071067811865476,0.7071067811865475,,,,,,,,,
P3-T3-FEASIBILITY,range_infeasible_relu,1009,,,,,,,,,1,,,,,0,0.0,-1.0,0.8964724341669259,,,,,
P3-T3-FEASIBILITY,range_infeasible_jumprelu,1009,,,,,,,,,1,,,,,0,0.0,0.25,,,,,,
P3-T3-FEASIBILITY,topk_eviction,1009,,,,,,,,,1,,,,,,,,,0,1,1,3,0.505166673956914
P3-T3-FEASIBILITY,full_rank_least_norm,1010,4,4,4.405481302518432e-16,7.769554142377398e-16,5.604860950786785e-16,1,6.977051602966842e-16,4,1,,,,,,,,,,,,,
P3-T3-FEASIBILITY,full_rank_least_norm,1010,8,8,9.989030277788562e-16,1.375713483295429e-15,2.862156173579203e-15,1,7.986752429989139e-15,8,1,,,,,,,,,,,,,
P3-T3-FEASIBILITY,full_rank_least_norm,1010,12,12,1.7696630051110684e-14,5.143739668060207e-15,7.227152633653053e-15,1,9.314538050912696e-14,13,1,,,,,,,,,,,,,
P3-T3-FEASIBILITY,full_rank_least_norm,1010,16,16,7.710470409843275e-15,1.9405080977203032e-15,2.9903545903714596e-13,1,1.0557451827137615e-13,25,1,,,,,,,,,,,,,
P3-T3-FEASIBILITY,rank_deficient_infeasible,1010,20,16,0.5184471076760191,,,,,,1,2.3435338080162067e-15,1.0,,,,,,,,,,,
P3-T3-FEASIBILITY,rank_deficient_feasible_control,1010,20,16,5.776248005915115e-15,,,,,,1,,,,,,,,,,,,,
P3-T3-FEASIBILITY,rank_deficient_infeasible,1010,32,16,0.9088361138057223,,,,,,1,6.524288424332681e-16,1.0000000000000004,,,,,,,,,,,
P3-T3-FEASIBILITY,rank_deficient_feasible_control,1010,32,16,5.752742972759059e-15,,,,,,1,,,,,,,,,,,,,
P3-T3-FEASIBILITY,low_rank_rows,1010,8,5,0.2988117607691451,,,,,,1,2.454923596301684e-15,1.0000000000000029,,,,,,,,,,,
P3-T3-FEASIBILITY,duplicate_rows_conflict,1010,5,4,,,,,,,1,,,0.7071067811865476,0.7071067811865475,,,,,,,,,
P3-T3-FEASIBILITY,range_infeasible_relu,1010,,,,,,,,,1,,,,,0,0.0,-1.0000000000000002,0.44544478257503706,,,,,
P3-T3-FEASIBILITY,range_infeasible_jumprelu,1010,,,,,,,,,1,,,,,0,0.0,0.25,,,,,,
P3-T3-FEASIBILITY,topk_eviction,1010,,,,,,,,,1,,,,,,,,,0,1,2,3,1.1620377395218282
P3-T3-FEASIBILITY,full_rank_least_norm,1011,4,4,1.945902181233669e-16,1.9383327462974642e-16,4.345014599271859e-16,1,3.676155790432108e-16,4,1,,,,,,,,,,,,,
P3-T3-FEASIBILITY,full_rank_least_norm,1011,8,8,2.876182772430384e-15,1.855448672299423e-15,1.5401159726534605e-15,1,2.042284961223968e-15,8,1,,,,,,,,,,,,,
P3-T3-FEASIBILITY,full_rank_least_norm,1011,12,12,5.879976166395447e-15,6.036462588160146e-15,2.0398718009431088e-14,1,2.0296166469048978e-13,13,1,,,,,,,,,,,,,
P3-T3-FEASIBILITY,full_rank_least_norm,1011,16,16,1.1219566888806279e-14,4.932859683112097e-15,9.936880949606135e-14,1,9.13519044819326e-15,20,1,,,,,,,,,,,,,
P3-T3-FEASIBILITY,rank_deficient_infeasible,1011,20,16,0.3434389634004534,,,,,,1,3.056667222202805e-15,0.999999999999996,,,,,,,,,,,
P3-T3-FEASIBILITY,rank_deficient_feasible_control,1011,20,16,4.972588720004551e-15,,,,,,1,,,,,,,,,,,,,
P3-T3-FEASIBILITY,rank_deficient_infeasible,1011,32,16,0.6699361627135417,,,,,,1,1.8622608138241246e-15,1.0000000000000002,,,,,,,,,,,
P3-T3-FEASIBILITY,rank_deficient_feasible_control,1011,32,16,3.417828741656438e-15,,,,,,1,,,,,,,,,,,,,
P3-T3-FEASIBILITY,low_rank_rows,1011,8,5,0.43235695947700076,,,,,,1,7.751476616067621e-16,1.0000000000000009,,,,,,,,,,,
P3-T3-FEASIBILITY,duplicate_rows_conflict,1011,5,4,,,,,,,1,,,0.7071067811865476,0.7071067811865475,,,,,,,,,
P3-T3-FEASIBILITY,range_infeasible_relu,1011,,,,,,,,,1,,,,,0,0.0,-0.9999999999999998,0.48696236250311487,,,,,
P3-T3-FEASIBILITY,range_infeasible_jumprelu,1011,,,,,,,,,1,,,,,0,0.0,0.25,,,,,,
P3-T3-FEASIBILITY,topk_eviction,1011,,,,,,,,,1,,,,,,,,,0,1,2,3,1.4832192543247649
P3-T3-FEASIBILITY,full_rank_least_norm,1012,4,4,4.351804964317196e-16,3.725203000731015e-16,6.652664556148979e-16,1,5.69220359945923e-16,4,1,,,,,,,,,,,,,
P3-T3-FEASIBILITY,full_rank_least_norm,1012,8,8,9.409808090141997e-15,5.038989140665227e-15,7.828453750963974e-15,1,4.973258757904468e-15,8,1,,,,,,,,,,,,,
P3-T3-FEASIBILITY,full_rank_least_norm,1012,12,12,2.330994900055753e-14,7.019364481240329e-15,8.636157037872435e-15,1,1.7105711635527236e-14,14,1,,,,,,,,,,,,,
P3-T3-FEASIBILITY,full_rank_least_norm,1012,16,16,1.1150337466331864e-14,8.058904727717274e-15,4.409096920119898e-14,1,1.0749147952450577e-13,20,1,,,,,,,,,,,,,
P3-T3-FEASIBILITY,rank_deficient_infeasible,1012,20,16,0.63288817865568,,,,,,1,2.2393121843721844e-15,0.9999999999999996,,,,,,,,,,,
P3-T3-FEASIBILITY,rank_deficient_feasible_control,1012,20,16,4.454426760151275e-15,,,,,,1,,,,,,,,,,,,,
P3-T3-FEASIBILITY,rank_deficient_infeasible,1012,32,16,0.5290351628915057,,,,,,1,3.1677652304074517e-15,1.000000000000007,,,,,,,,,,,
P3-T3-FEASIBILITY,rank_deficient_feasible_control,1012,32,16,6.530718016871922e-15,,,,,,1,,,,,,,,,,,,,
P3-T3-FEASIBILITY,low_rank_rows,1012,8,5,0.4649749956680004,,,,,,1,2.523374135682477e-15,0.9999999999999956,,,,,,,,,,,
P3-T3-FEASIBILITY,duplicate_rows_conflict,1012,5,4,,,,,,,1,,,0.7071067811865476,0.7071067811865475,,,,,,,,,
P3-T3-FEASIBILITY,range_infeasible_relu,1012,,,,,,,,,1,,,,,0,0.0,-1.0,0.5100670163043863,,,,,
P3-T3-FEASIBILITY,range_infeasible_jumprelu,1012,,,,,,,,,1,,,,,0,0.0,0.25,,,,,,
P3-T3-FEASIBILITY,topk_eviction,1012,,,,,,,,,1,,,,,,,,,0,1,2,3,1.4191547086825547
P3-T3-FEASIBILITY,full_rank_least_norm,1013,4,4,1.0546163964198794e-14,6.628388837364834e-15,2.96713294669098e-15,1,6.691332203073882e-15,4,1,,,,,,,,,,,,,
P3-T3-FEASIBILITY,full_rank_least_norm,1013,8,8,7.572615771215009e-15,7.413178956558142e-15,6.261430326968061e-15,1,7.648096392616452e-15,8,1,,,,,,,,,,,,,
P3-T3-FEASIBILITY,full_rank_least_norm,1013,12,12,3.262762708775931e-15,2.0729977358057516e-15,5.518944073995071e-15,1,2.6648788901558015e-14,13,1,,,,,,,,,,,,,
P3-T3-FEASIBILITY,full_rank_least_norm,1013,16,16,3.486182105758529e-15,1.6859315649360008e-15,4.144140330115602e-14,1,3.3149166067949716e-14,20,1,,,,,,,,,,,,,
P3-T3-FEASIBILITY,rank_deficient_infeasible,1013,20,16,0.4969443032724102,,,,,,1,1.5499595367589722e-15,1.0000000000000004,,,,,,,,,,,
P3-T3-FEASIBILITY,rank_deficient_feasible_control,1013,20,16,4.541090021162269e-15,,,,,,1,,,,,,,,,,,,,
P3-T3-FEASIBILITY,rank_deficient_infeasible,1013,32,16,0.7682051208724282,,,,,,1,9.49130945456031e-16,0.9999999999999993,,,,,,,,,,,
P3-T3-FEASIBILITY,rank_deficient_feasible_control,1013,32,16,3.727446311017924e-15,,,,,,1,,,,,,,,,,,,,
P3-T3-FEASIBILITY,low_rank_rows,1013,8,5,0.22440439630094097,,,,,,1,7.782154162274342e-15,1.0000000000000182,,,,,,,,,,,
P3-T3-FEASIBILITY,duplicate_rows_conflict,1013,5,4,,,,,,,1,,,0.7071067811865475,0.7071067811865475,,,,,,,,,
P3-T3-FEASIBILITY,range_infeasible_relu,1013,,,,,,,,,1,,,,,0,0.0,-1.0,0.9593001121216301,,,,,
P3-T3-FEASIBILITY,range_infeasible_jumprelu,1013,,,,,,,,,1,,,,,0,0.0,0.25,,,,,,
P3-T3-FEASIBILITY,topk_eviction,1013,,,,,,,,,1,,,,,,,,,0,1,2,3,1.676847981976359
P3-T3-FEASIBILITY,full_rank_least_norm,1014,4,4,3.544241148322782e-15,2.9196074576656925e-15,8.141887739508546e-16,1,2.877270133397203e-15,4,1,,,,,,,,,,,,,
P3-T3-FEASIBILITY,full_rank_least_norm,1014,8,8,6.897747471860589e-15,2.7027718396695438e-15,1.9939788695329016e-15,1,9.176445951370967e-15,8,1,,,,,,,,,,,,,
P3-T3-FEASIBILITY,full_rank_least_norm,1014,12,12,2.6767270748347822e-14,7.987441820454765e-15,1.2299753525945402e-14,1,6.826895659908048e-14,13,1,,,,,,,,,,,,,
P3-T3-FEASIBILITY,full_rank_least_norm,1014,16,16,4.2463669732240715e-15,1.937484227954296e-15,1.3045069890006263e-14,1,2.093243702445443e-14,20,1,,,,,,,,,,,,,
P3-T3-FEASIBILITY,rank_deficient_infeasible,1014,20,16,0.3233891923059593,,,,,,1,6.3476312128561e-15,0.9999999999999881,,,,,,,,,,,
P3-T3-FEASIBILITY,rank_deficient_feasible_control,1014,20,16,8.762839338511502e-15,,,,,,1,,,,,,,,,,,,,
P3-T3-FEASIBILITY,rank_deficient_infeasible,1014,32,16,0.5648934348380783,,,,,,1,1.2910269440237607e-15,1.0000000000000009,,,,,,,,,,,
P3-T3-FEASIBILITY,rank_deficient_feasible_control,1014,32,16,7.043776074043757e-15,,,,,,1,,,,,,,,,,,,,
P3-T3-FEASIBILITY,low_rank_rows,1014,8,5,0.22589930480837886,,,,,,1,1.4021933287848422e-15,0.9999999999999972,,,,,,,,,,,
P3-T3-FEASIBILITY,duplicate_rows_conflict,1014,5,4,,,,,,,1,,,0.7071067811865475,0.7071067811865475,,,,,,,,,
P3-T3-FEASIBILITY,range_infeasible_relu,1014,,,,,,,,,1,,,,,0,0.0,-1.0,0.6611263627608975,,,,,
P3-T3-FEASIBILITY,range_infeasible_jumprelu,1014,,,,,,,,,1,,,,,0,0.0,0.25,,,,,,
P3-T3-FEASIBILITY,topk_eviction,1014,,,,,,,,,1,,,,,,,,,0,1,2,3,1.7249423699655646
P3-T3-FEASIBILITY,full_rank_least_norm,1015,4,4,1.559011131838612e-15,1.7463990979321973e-15,6.587162015868353e-16,1,1.7794725284261204e-15,4,1,,,,,,,,,,,,,
P3-T3-FEASIBILITY,full_rank_least_norm,1015,8,8,5.2014905088399224e-15,3.1068269309936794e-15,3.929942489383507e-15,1,4.744261327723253e-15,8,1,,,,,,,,,,,,,
P3-T3-FEASIBILITY,full_rank_least_norm,1015,12,12,2.4985804137814375e-15,2.5763276893190997e-15,3.224019386407454e-15,1,2.084809351581223e-13,13,1,,,,,,,,,,,,,
P3-T3-FEASIBILITY,full_rank_least_norm,1015,16,16,3.182308656095434e-15,2.9599997157434194e-15,9.34765092991852e-15,1,8.390134174091211e-15,20,1,,,,,,,,,,,,,
P3-T3-FEASIBILITY,rank_deficient_infeasible,1015,20,16,0.24099507328756045,,,,,,1,2.694713117298313e-15,1.000000000000009,,,,,,,,,,,
P3-T3-FEASIBILITY,rank_deficient_feasible_control,1015,20,16,7.331789467621068e-16,,,,,,1,,,,,,,,,,,,,
P3-T3-FEASIBILITY,rank_deficient_infeasible,1015,32,16,0.7775684095397386,,,,,,1,8.436937635440927e-16,0.9999999999999986,,,,,,,,,,,
P3-T3-FEASIBILITY,rank_deficient_feasible_control,1015,32,16,2.7921317209201435e-15,,,,,,1,,,,,,,,,,,,,
P3-T3-FEASIBILITY,low_rank_rows,1015,8,5,0.7434245387100746,,,,,,1,5.190244107635409e-15,0.9999999999999989,,,,,,,,,,,
P3-T3-FEASIBILITY,duplicate_rows_conflict,1015,5,4,,,,,,,1,,,0.7071067811865476,0.7071067811865475,,,,,,,,,
P3-T3-FEASIBILITY,range_infeasible_relu,1015,,,,,,,,,1,,,,,0,0.0,-1.0,0.8600163095982176,,,,,
P3-T3-FEASIBILITY,range_infeasible_jumprelu,1015,,,,,,,,,1,,,,,0,0.0,0.25,,,,,,
P3-T3-FEASIBILITY,topk_eviction,1015,,,,,,,,,1,,,,,,,,,0,1,3,3,1.859332526387548
P3-T3-FEASIBILITY,full_rank_least_norm,1016,4,4,2.5977484559005947e-16,2.456087707795427e-16,6.078500425895468e-16,1,2.9947112094293235e-16,4,1,,,,,,,,,,,,,
P3-T3-FEASIBILITY,full_rank_least_norm,1016,8,8,2.2736307230995667e-15,8.969126545903238e-16,7.160277106031374e-16,1,4.373982727883361e-15,8,1,,,,,,,,,,,,,
P3-T3-FEASIBILITY,full_rank_least_norm,1016,12,12,5.150285831132904e-15,4.681767141237066e-15,1.647030936242266e-14,1,8.657314782922654e-14,13,1,,,,,,,,,,,,,
P3-T3-FEASIBILITY,full_rank_least_norm,1016,16,16,8.992230370303903e-15,9.598855692513411e-15,5.047492610081532e-13,1,9.475245722030385e-14,22,1,,,,,,,,,,,,,
P3-T3-FEASIBILITY,rank_deficient_infeasible,1016,20,16,0.27918657171971684,,,,,,1,3.0149907269002645e-15,1.0000000000000293,,,,,,,,,,,
P3-T3-FEASIBILITY,rank_deficient_feasible_control,1016,20,16,4.811127512168429e-15,,,,,,1,,,,,,,,,,,,,
P3-T3-FEASIBILITY,rank_deficient_infeasible,1016,32,16,0.6027211154954863,,,,,,1,7.440067329767777e-16,0.9999999999999992,,,,,,,,,,,
P3-T3-FEASIBILITY,rank_deficient_feasible_control,1016,32,16,4.206061931426521e-15,,,,,,1,,,,,,,,,,,,,
P3-T3-FEASIBILITY,low_rank_rows,1016,8,5,0.7964656594545235,,,,,,1,2.9801278228572997e-16,1.0000000000000004,,,,,,,,,,,
P3-T3-FEASIBILITY,duplicate_rows_conflict,1016,5,4,,,,,,,1,,,0.7071067811865475,0.7071067811865475,,,,,,,,,
P3-T3-FEASIBILITY,range_infeasible_relu,1016,,,,,,,,,1,,,,,0,0.0,-0.9999999999999998,0.382445949509265,,,,,
P3-T3-FEASIBILITY,range_infeasible_jumprelu,1016,,,,,,,,,1,,,,,0,0.0,0.25,,,,,,
P3-T3-FEASIBILITY,topk_eviction,1016,,,,,,,,,1,,,,,,,,,0,1,2,3,1.9292695666917634
P3-T3-FEASIBILITY,full_rank_least_norm,1017,4,4,3.7816404413194183e-16,4.592204929471847e-16,4.1595975514595125e-16,1,3.2983208282214994e-16,4,1,,,,,,,,,,,,,
P3-T3-FEASIBILITY,full_rank_least_norm,1017,8,8,6.760152955417085e-15,7.412655654003493e-15,7.948499249588149e-15,1,8.115885105708343e-15,8,1,,,,,,,,,,,,,
P3-T3-FEASIBILITY,full_rank_least_norm,1017,12,12,1.1631137851575755e-15,8.416216644207615e-16,5.328651613445958e-15,1,2.29121470410197e-13,12,1,,,,,,,,,,,,,
P3-T3-FEASIBILITY,full_rank_least_norm,1017,16,16,5.147047456633932e-14,3.6851813243887397e-14,8.68938239799969e-15,1,3.9699623313307414e-14,22,1,,,,,,,,,,,,,
P3-T3-FEASIBILITY,rank_deficient_infeasible,1017,20,16,0.5425510469728991,,,,,,1,1.8495216505240247e-15,1.0000000000000102,,,,,,,,,,,
P3-T3-FEASIBILITY,rank_deficient_feasible_control,1017,20,16,2.1725935616462543e-15,,,,,,1,,,,,,,,,,,,,
P3-T3-FEASIBILITY,rank_deficient_infeasible,1017,32,16,0.7396231852806168,,,,,,1,1.0360647924475938e-15,1.0000000000000013,,,,,,,,,,,
P3-T3-FEASIBILITY,rank_deficient_feasible_control,1017,32,16,6.704753167010491e-15,,,,,,1,,,,,,,,,,,,,
P3-T3-FEASIBILITY,low_rank_rows,1017,8,5,0.8340942169150032,,,,,,1,1.2341943496370223e-15,1.0,,,,,,,,,,,
P3-T3-FEASIBILITY,duplicate_rows_conflict,1017,5,4,,,,,,,1,,,0.7071067811865476,0.7071067811865475,,,,,,,,,
P3-T3-FEASIBILITY,range_infeasible_relu,1017,,,,,,,,,1,,,,,0,0.0,-1.0,0.5601423313767507,,,,,
P3-T3-FEASIBILITY,range_infeasible_jumprelu,1017,,,,,,,,,1,,,,,0,0.0,0.25,,,,,,
P3-T3-FEASIBILITY,topk_eviction,1017,,,,,,,,,1,,,,,,,,,0,1,1,3,0.6876642317878376
P3-T3-FEASIBILITY,full_rank_least_norm,1018,4,4,1.125363154704776e-16,1.6874841010227115e-16,5.831283400261577e-16,1,1.719039334267695e-16,4,1,,,,,,,,,,,,,
P3-T3-FEASIBILITY,full_rank_least_norm,1018,8,8,5.63866170258186e-15,5.420119087006743e-15,3.6600113978128696e-15,1,8.928712167654763e-15,8,1,,,,,,,,,,,,,
P3-T3-FEASIBILITY,full_rank_least_norm,1018,12,12,7.44145196286737e-15,4.361931197641156e-15,1.1681263793043222e-14,1,9.429055446567258e-15,13,1,,,,,,,,,,,,,
P3-T3-FEASIBILITY,full_rank_least_norm,1018,16,16,6.9140633934240945e-15,1.0194389639058121e-14,1.155631193354599e-13,1,1.2410572956455541e-14,21,1,,,,,,,,,,,,,
P3-T3-FEASIBILITY,rank_deficient_infeasible,1018,20,16,0.35582788999071957,,,,,,1,1.030687810349878e-15,0.9999999999999973,,,,,,,,,,,
P3-T3-FEASIBILITY,rank_deficient_feasible_control,1018,20,16,1.0684315510533746e-15,,,,,,1,,,,,,,,,,,,,
P3-T3-FEASIBILITY,rank_deficient_infeasible,1018,32,16,0.8075700511920035,,,,,,1,4.460997980947814e-16,1.0000000000000002,,,,,,,,,,,
P3-T3-FEASIBILITY,rank_deficient_feasible_control,1018,32,16,1.8992649936559336e-15,,,,,,1,,,,,,,,,,,,,
P3-T3-FEASIBILITY,low_rank_rows,1018,8,5,0.8773656511116408,,,,,,1,5.6811572322014e-16,0.9999999999999998,,,,,,,,,,,
P3-T3-FEASIBILITY,duplicate_rows_conflict,1018,5,4,,,,,,,1,,,0.7071067811865476,0.7071067811865475,,,,,,,,,
P3-T3-FEASIBILITY,range_infeasible_relu,1018,,,,,,,,,1,,,,,0,0.0,-1.0,0.6079103137615223,,,,,
P3-T3-FEASIBILITY,range_infeasible_jumprelu,1018,,,,,,,,,1,,,,,0,0.0,0.25,,,,,,
P3-T3-FEASIBILITY,topk_eviction,1018,,,,,,,,,1,,,,,,,,,0,1,1,3,0.7170318592282264
P3-T3-FEASIBILITY,full_rank_least_norm,1019,4,4,3.7557087542065445e-16,8.952970555135817e-16,3.9208192954824865e-16,1,1.1059037974184408e-15,4,1,,,,,,,,,,,,,
P3-T3-FEASIBILITY,full_rank_least_norm,1019,8,8,1.9063073540984275e-15,1.8919263882408676e-15,1.1524814790783603e-15,1,2.016173833874221e-15,8,1,,,,,,,,,,,,,
P3-T3-FEASIBILITY,full_rank_least_norm,1019,12,12,6.430949311210969e-15,2.541637588645824e-15,6.563568478232999e-15,1,7.632774014399104e-14,13,1,,,,,,,,,,,,,
P3-T3-FEASIBILITY,full_rank_least_norm,1019,16,16,5.376906179905322e-15,1.2516047890055694e-15,8.932333994000706e-15,1,8.907308642323527e-15,20,1,,,,,,,,,,,,,
P3-T3-FEASIBILITY,rank_deficient_infeasible,1019,20,16,0.31091710946329343,,,,,,1,6.485715646116058e-15,0.9999999999999959,,,,,,,,,,,
P3-T3-FEASIBILITY,rank_deficient_feasible_control,1019,20,16,6.111739619960214e-15,,,,,,1,,,,,,,,,,,,,
P3-T3-FEASIBILITY,rank_deficient_infeasible,1019,32,16,0.6591016845030605,,,,,,1,5.82123381612366e-16,0.9999999999999993,,,,,,,,,,,
P3-T3-FEASIBILITY,rank_deficient_feasible_control,1019,32,16,3.4207947939593328e-15,,,,,,1,,,,,,,,,,,,,
P3-T3-FEASIBILITY,low_rank_rows,1019,8,5,0.388732857172164,,,,,,1,1.9068263714469533e-15,1.0000000000000002,,,,,,,,,,,
P3-T3-FEASIBILITY,duplicate_rows_conflict,1019,5,4,,,,,,,1,,,0.7071067811865476,0.7071067811865475,,,,,,,,,
P3-T3-FEASIBILITY,range_infeasible_relu,1019,,,,,,,,,1,,,,,0,0.0,-1.0,0.33025497189705105,,,,,
P3-T3-FEASIBILITY,range_infeasible_jumprelu,1019,,,,,,,,,1,,,,,0,0.0,0.25,,,,,,
P3-T3-FEASIBILITY,topk_eviction,1019,,,,,,,,,1,,,,,,,,,0,1,1,3,0.3446641705500925
