mode,target_kind,dose,method,metric,n_docs,median,lo,hi,n_rows
equal_norm,active,0.025,decoder,target_gain,42,0.8948245189524731,0.8465743464544675,0.9460733675297266,64
equal_norm,active,0.025,decoder,target_err_rel,42,0.12318387402777466,0.0710633575577082,0.16250674050907227,64
equal_norm,active,0.025,decoder,drift_orig_active_rel,42,0.4651362526344591,0.4333441994314222,0.5047662627570438,64
equal_norm,active,0.025,decoder,drift_newly_active_rel,42,0.06968573537932399,0.05417657016615817,0.08203138049425486,64
equal_norm,active,0.025,decoder,drift_all_nontarget_rel,42,0.4931738649471833,0.4468030167397402,0.5098857866915036,64
equal_norm,active,0.025,decoder,kl_next_token,14,4.819481005404449e-05,2.430057485816731e-05,0.00010371418856388922,64
equal_norm,active,0.025,decoder,dnll_true_next,14,0.00021750690712596388,-0.00025120653490384726,0.0013242507989459362,64
equal_norm,active,0.025,decoder,edit_norm,42,2.5376777045692283,2.5376777045692283,2.5376777045692283,64
equal_norm,active,0.025,decoder,n_newly_active,42,3.0,2.0,4.0,64
equal_norm,inactive,0.025,decoder,target_gain,40,0.0,0.0,0.0,64
equal_norm,inactive,0.025,decoder,target_err_rel,40,1.0,1.0,1.0,64
equal_norm,inactive,0.025,decoder,drift_orig_active_rel,40,0.32172462358874215,0.30788803436926215,0.349384589414928,64
equal_norm,inactive,0.025,decoder,drift_newly_active_rel,40,0.018887054829938597,0.00787784871070973,0.027386176965719256,64
equal_norm,inactive,0.025,decoder,drift_all_nontarget_rel,40,0.3245168296587625,0.31188257217377136,0.3497654256565184,64
equal_norm,inactive,0.025,decoder,kl_next_token,13,3.079832695228433e-05,1.6062024977222537e-05,3.9106211139054565e-05,64
equal_norm,inactive,0.025,decoder,dnll_true_next,13,0.00016337395805976485,-0.00047352472648354293,0.0011707057584517955,64
equal_norm,inactive,0.025,decoder,edit_norm,40,2.5376777045692283,2.5376777045692283,2.5376777045692283,64
equal_norm,inactive,0.025,decoder,n_newly_active,40,1.0,1.0,2.0,64
equal_norm,active,0.025,encoder_grad,target_gain,42,1.503394463149687,1.468836939696883,1.7249197224002564,64
equal_norm,active,0.025,encoder_grad,target_err_rel,42,0.5033944274123716,0.46883690478103773,0.724919681397046,64
equal_norm,active,0.025,encoder_grad,drift_orig_active_rel,42,0.9848797502501434,0.8710705921679963,1.0522138873628415,64
equal_norm,active,0.025,encoder_grad,drift_newly_active_rel,42,0.22855942968754556,0.17855195795292028,0.29831248048417985,64
equal_norm,active,0.025,encoder_grad,drift_all_nontarget_rel,42,1.005159575684018,0.8875559253059208,1.0954602876046629,64
equal_norm,active,0.025,encoder_grad,kl_next_token,14,5.035661862729178e-05,3.180991628849284e-05,7.731204684717163e-05,64
equal_norm,active,0.025,encoder_grad,dnll_true_next,14,-0.00010739462101583275,-0.0009361054920602463,0.0009602633244299996,64
equal_norm,active,0.025,encoder_grad,edit_norm,42,2.5376777045692283,2.5376777045692283,2.5376777045692283,64
equal_norm,active,0.025,encoder_grad,n_newly_active,42,11.0,9.5,15.0,64
equal_norm,inactive,0.025,encoder_grad,target_gain,40,0.0,0.0,0.0,64
equal_norm,inactive,0.025,encoder_grad,target_err_rel,40,1.0,1.0,1.0,64
equal_norm,inactive,0.025,encoder_grad,drift_orig_active_rel,40,0.7223575912823286,0.6286640031589354,0.8210098499377068,64
equal_norm,inactive,0.025,encoder_grad,drift_newly_active_rel,40,0.18237165302602687,0.13812501223200094,0.22306708268134506,64
equal_norm,inactive,0.025,encoder_grad,drift_all_nontarget_rel,40,0.7620727780271319,0.6517443207835276,0.8378585261364249,64
equal_norm,inactive,0.025,encoder_grad,kl_next_token,13,3.31712506464407e-05,1.9003017795274952e-05,4.375511975094916e-05,64
equal_norm,inactive,0.025,encoder_grad,dnll_true_next,13,-0.000252935097292184,-0.0019441691424031404,0.00041261879471505793,64
equal_norm,inactive,0.025,encoder_grad,edit_norm,40,2.5376777045692283,2.5376777045692283,2.5376777045692283,64
equal_norm,inactive,0.025,encoder_grad,n_newly_active,40,8.75,6.75,11.0,64
equal_norm,active,0.025,jacobian_ln,target_gain,42,1.353013881037387,1.2863069717828068,1.548854326571169,64
equal_norm,active,0.025,jacobian_ln,target_err_rel,42,0.35301384887478104,0.2863069412058965,0.5488542897532236,64
equal_norm,active,0.025,jacobian_ln,drift_orig_active_rel,42,1.626026930972804e-14,1.4838873829245365e-14,1.9277456387498045e-14,64
equal_norm,active,0.025,jacobian_ln,drift_newly_active_rel,42,0.061454800740632615,0.04810623116267982,0.0772566390568219,64
equal_norm,active,0.025,jacobian_ln,drift_all_nontarget_rel,42,0.061454800740632615,0.048106231162692976,0.0772566390568219,64
equal_norm,active,0.025,jacobian_ln,kl_next_token,14,4.101575137255281e-05,2.1737068594581267e-05,5.304129253842204e-05,64
equal_norm,active,0.025,jacobian_ln,dnll_true_next,14,-9.385482125701117e-06,-0.0003868816647836226,0.0006210504485895108,64
equal_norm,active,0.025,jacobian_ln,edit_norm,42,2.5376777045692283,2.5376777045692283,2.5376777045692283,64
equal_norm,active,0.025,jacobian_ln,n_newly_active,42,3.0,2.0,3.5,64
equal_norm,inactive,0.025,jacobian_ln,target_gain,40,0.0,0.0,0.0,64
equal_norm,inactive,0.025,jacobian_ln,target_err_rel,40,1.0,1.0,1.0,64
equal_norm,inactive,0.025,jacobian_ln,drift_orig_active_rel,40,1.8290593788376956e-14,1.6238289175919447e-14,2.0201223470867145e-14,64
equal_norm,inactive,0.025,jacobian_ln,drift_newly_active_rel,40,0.03614261216982492,0.023434452762505407,0.049661244987450545,64
equal_norm,inactive,0.025,jacobian_ln,drift_all_nontarget_rel,40,0.03614261216982492,0.023434452762505407,0.049661244987450545,64
equal_norm,inactive,0.025,jacobian_ln,kl_next_token,13,2.8444626570633205e-05,1.748036621418769e-05,3.761690859363902e-05,64
equal_norm,inactive,0.025,jacobian_ln,dnll_true_next,13,-0.00021473445391695378,-0.0016354510096117103,0.0006850744503799078,64
equal_norm,inactive,0.025,jacobian_ln,edit_norm,40,2.5376777045692283,2.5376777045692283,2.5376777045692283,64
equal_norm,inactive,0.025,jacobian_ln,n_newly_active,40,2.0,1.875,3.0,64
equal_norm,active,0.025,mean_only,target_gain,42,1.845877211856325,1.586953269271633,1.9622504742578117,64
equal_norm,active,0.025,mean_only,target_err_rel,42,0.8458771679778234,0.5869532315480341,0.9622504276129916,64
equal_norm,active,0.025,mean_only,drift_orig_active_rel,42,10.899584748854037,10.463818298816417,11.186496712020787,64
equal_norm,active,0.025,mean_only,drift_newly_active_rel,42,13.848270801784444,13.22208453533327,14.67445506779592,64
equal_norm,active,0.025,mean_only,drift_all_nontarget_rel,42,17.876712982983832,16.999200333480132,18.382030083606317,64
equal_norm,active,0.025,mean_only,kl_next_token,14,-1.6012950846621383e-17,-4.115126030827343e-17,7.135051291182015e-17,64
equal_norm,active,0.025,mean_only,dnll_true_next,14,-5.551115123125783e-16,-4.440892098500626e-15,2.6645352591003757e-15,64
equal_norm,active,0.025,mean_only,edit_norm,42,2.537677704569228,2.537677704569228,2.537677704569228,64
equal_norm,active,0.025,mean_only,n_newly_active,42,559.5,523.5,607.5,64
equal_norm,inactive,0.025,mean_only,target_gain,40,0.0,0.0,0.0,64
equal_norm,inactive,0.025,mean_only,target_err_rel,40,1.0,1.0,1.0,64
equal_norm,inactive,0.025,mean_only,drift_orig_active_rel,40,11.243323679940982,10.707307715200267,11.566665183423446,64
equal_norm,inactive,0.025,mean_only,drift_newly_active_rel,40,14.345251765294492,13.47315073292863,14.744759383066555,64
equal_norm,inactive,0.025,mean_only,drift_all_nontarget_rel,40,18.15289859065423,17.70519963230348,18.609379531768212,64
equal_norm,inactive,0.025,mean_only,kl_next_token,13,-2.239622011568782e-17,-5.2306649225222424e-17,6.692368456365299e-17,64
equal_norm,inactive,0.025,mean_only,dnll_true_next,13,4.440892098500626e-16,-1.7763568394002505e-15,3.9968028886505635e-15,64
equal_norm,inactive,0.025,mean_only,edit_norm,40,2.537677704569228,2.537677704569228,2.537677704569228,64
equal_norm,inactive,0.025,mean_only,n_newly_active,40,574.75,514.0,634.75,64
equal_norm,active,0.025,random,target_gain,42,0.038263322490980745,0.029023560375367415,0.04828279848395152,64
equal_norm,active,0.025,random,target_err_rel,42,0.9617366784185798,0.9517172026637829,0.970976440314554,64
equal_norm,active,0.025,random,drift_orig_active_rel,42,0.3335506673339358,0.3200949014297285,0.36054610425221056,64
equal_norm,active,0.025,random,drift_newly_active_rel,42,0.04017309195843134,0.03090473652854091,0.05101630315750744,64
equal_norm,active,0.025,random,drift_all_nontarget_rel,42,0.33774701207303354,0.322099832901397,0.36385236339125776,64
equal_norm,active,0.025,random,kl_next_token,14,2.8528148340053608e-05,2.448003235966263e-05,3.220769839491738e-05,64
equal_norm,active,0.025,random,dnll_true_next,14,0.00010523048636712495,-0.0021067323165091523,0.0012195774370802326,64
equal_norm,active,0.025,random,edit_norm,42,2.5376777045692283,2.5376777045692283,2.5376777045692283,64
equal_norm,active,0.025,random,n_newly_active,42,2.0,2.0,3.333333333333333,64
equal_norm,inactive,0.025,random,target_gain,40,0.0,0.0,0.0,64
equal_norm,inactive,0.025,random,target_err_rel,40,1.0,1.0,1.0,64
equal_norm,inactive,0.025,random,drift_orig_active_rel,40,0.3472738142256948,0.3221157136114441,0.3697944836399068,64
equal_norm,inactive,0.025,random,drift_newly_active_rel,40,0.02730230327850494,0.00812839555768148,0.03131992013971128,64
equal_norm,inactive,0.025,random,drift_all_nontarget_rel,40,0.34837728572427124,0.3253032961272492,0.3768438663367053,64
equal_norm,inactive,0.025,random,kl_next_token,13,1.750444749879465e-05,1.4419119306002717e-05,3.6379965893727724e-05,64
equal_norm,inactive,0.025,random,dnll_true_next,13,-0.0005822015056740071,-0.0014457139730152946,0.00019914931726061624,64
equal_norm,inactive,0.025,random,edit_norm,40,2.5376777045692283,2.5376777045692283,2.5376777045692283,64
equal_norm,inactive,0.025,random,n_newly_active,40,1.5833333333333335,1.0,2.0,64
equal_norm,active,0.05,decoder,target_gain,42,0.8948245189524726,0.8465743464544674,0.9460733675297264,64
equal_norm,active,0.05,decoder,target_err_rel,42,0.12318387402777559,0.07106335755771083,0.16250674050907288,64
equal_norm,active,0.05,decoder,drift_orig_active_rel,42,0.45844764135151383,0.4333441994314224,0.5036501851348999,64
equal_norm,active,0.05,decoder,drift_newly_active_rel,42,0.10624082416193482,0.0873173266518849,0.13480155386931536,64
equal_norm,active,0.05,decoder,drift_all_nontarget_rel,42,0.500544090940675,0.4540801115146937,0.5106354559333425,64
equal_norm,active,0.05,decoder,kl_next_token,14,0.00018927851088163883,9.926397853288694e-05,0.0004083811945086071,64
equal_norm,active,0.05,decoder,dnll_true_next,14,0.0007076907069824001,-0.0005167180565588403,0.002626258690691774,64
equal_norm,active,0.05,decoder,edit_norm,42,5.0753554091384565,5.0753554091384565,5.0753554091384565,64
equal_norm,active,0.05,decoder,n_newly_active,42,7.0,5.0,8.0,64
equal_norm,inactive,0.05,decoder,target_gain,40,0.0,0.0,0.0,64
equal_norm,inactive,0.05,decoder,target_err_rel,40,1.0,1.0,1.0,64
equal_norm,inactive,0.05,decoder,drift_orig_active_rel,40,0.315466575181233,0.3048772890138483,0.33472007562228656,64
equal_norm,inactive,0.05,decoder,drift_newly_active_rel,40,0.034077822041760804,0.02393052807625212,0.044842946010724576,64
equal_norm,inactive,0.05,decoder,drift_all_nontarget_rel,40,0.3258319783387833,0.3068788798917047,0.33847777606495955,64
equal_norm,inactive,0.05,decoder,kl_next_token,13,0.00012521073890874184,6.317034915136619e-05,0.0001554267221978927,64
equal_norm,inactive,0.05,decoder,dnll_true_next,13,0.0003855534664882754,-0.0009214128236223473,0.002443646818903744,64
equal_norm,inactive,0.05,decoder,edit_norm,40,5.0753554091384565,5.0753554091384565,5.0753554091384565,64
equal_norm,inactive,0.05,decoder,n_newly_active,40,2.75,2.0,3.0,64
equal_norm,active,0.05,encoder_grad,target_gain,42,1.503394463149687,1.468836939696884,1.7249197224002546,64
equal_norm,active,0.05,encoder_grad,target_err_rel,42,0.5033944274123718,0.46883690478103857,0.7249196813970443,64
equal_norm,active,0.05,encoder_grad,drift_orig_active_rel,42,0.9848797502501427,0.8710705921679964,1.0522138873628406,64
equal_norm,active,0.05,encoder_grad,drift_newly_active_rel,42,0.37647467216013597,0.2931175487273945,0.42177321054935746,64
equal_norm,active,0.05,encoder_grad,drift_all_nontarget_rel,42,1.0443296670793953,0.9130183850097087,1.1316766159827543,64
equal_norm,active,0.05,encoder_grad,kl_next_token,14,0.0001970399441807691,0.0001272742889836805,0.00030431551279728,64
equal_norm,active,0.05,encoder_grad,dnll_true_next,14,-0.00020637727074646062,-0.0012757649458841058,0.0021917310635231548,64
equal_norm,active,0.05,encoder_grad,edit_norm,42,5.0753554091384565,5.0753554091384565,5.0753554091384565,64
equal_norm,active,0.05,encoder_grad,n_newly_active,42,29.0,24.25,31.5,64
equal_norm,inactive,0.05,encoder_grad,target_gain,40,0.0,0.0,0.0,64
equal_norm,inactive,0.05,encoder_grad,target_err_rel,40,1.0,1.0,1.0,64
equal_norm,inactive,0.05,encoder_grad,drift_orig_active_rel,40,0.722298011647881,0.628664003158937,0.8210072819070748,64
equal_norm,inactive,0.05,encoder_grad,drift_newly_active_rel,40,0.28685076603497905,0.22820497107370558,0.33607937843396907,64
equal_norm,inactive,0.05,encoder_grad,drift_all_nontarget_rel,40,0.8029842205122365,0.6690971282876648,0.8821173487548245,64
equal_norm,inactive,0.05,encoder_grad,kl_next_token,13,0.00013149664323053932,7.713974143718795e-05,0.00017754951491503058,64
equal_norm,inactive,0.05,encoder_grad,dnll_true_next,13,-0.00044059098785442785,-0.0038827057647718988,0.0010358638318620792,64
equal_norm,inactive,0.05,encoder_grad,edit_norm,40,5.0753554091384565,5.0753554091384565,5.0753554091384565,64
equal_norm,inactive,0.05,encoder_grad,n_newly_active,40,21.625,15.5,26.666666666666664,64
equal_norm,active,0.05,jacobian_ln,target_gain,42,1.353013881037388,1.2863069717828073,1.5488543265711703,64
equal_norm,active,0.05,jacobian_ln,target_err_rel,42,0.35301384887478204,0.28630694120589684,0.5488542897532248,64
equal_norm,active,0.05,jacobian_ln,drift_orig_active_rel,42,8.603694154716926e-15,7.713932103307796e-15,9.903483981906975e-15,64
equal_norm,active,0.05,jacobian_ln,drift_newly_active_rel,42,0.09303930148594222,0.07361721908539812,0.1094240189348991,64
equal_norm,active,0.05,jacobian_ln,drift_all_nontarget_rel,42,0.09303930148594222,0.07361721908539812,0.1094240189348991,64
equal_norm,active,0.05,jacobian_ln,kl_next_token,14,0.00016317342475979701,8.801126055018578e-05,0.00021269354564166804,64
equal_norm,active,0.05,jacobian_ln,dnll_true_next,14,0.00029978565766519694,-0.0007679781234246619,0.0012529931340149979,64
equal_norm,active,0.05,jacobian_ln,edit_norm,42,5.0753554091384565,5.0753554091384565,5.0753554091384565,64
equal_norm,active,0.05,jacobian_ln,n_newly_active,42,5.5,5.0,7.0,64
equal_norm,inactive,0.05,jacobian_ln,target_gain,40,0.0,0.0,0.0,64
equal_norm,inactive,0.05,jacobian_ln,target_err_rel,40,1.0,1.0,1.0,64
equal_norm,inactive,0.05,jacobian_ln,drift_orig_active_rel,40,8.878804098230175e-15,8.443690271873953e-15,1.0239384330031717e-14,64
equal_norm,inactive,0.05,jacobian_ln,drift_newly_active_rel,40,0.06892639591633325,0.052288355197105854,0.08581761148090548,64
equal_norm,inactive,0.05,jacobian_ln,drift_all_nontarget_rel,40,0.06892639591633325,0.052288355197105854,0.08581761148090548,64
equal_norm,inactive,0.05,jacobian_ln,kl_next_token,13,0.00011221417081918477,7.13221321541665e-05,0.00015402030010665103,64
equal_norm,inactive,0.05,jacobian_ln,dnll_true_next,13,-0.0004806762388860353,-0.003348621339346547,0.0014492612099621383,64
equal_norm,inactive,0.05,jacobian_ln,edit_norm,40,5.0753554091384565,5.0753554091384565,5.0753554091384565,64
equal_norm,inactive,0.05,jacobian_ln,n_newly_active,40,5.0,4.0,6.0,64
equal_norm,active,0.05,mean_only,target_gain,42,1.8458772118563238,1.5869532692716348,1.9622504742578122,64
equal_norm,active,0.05,mean_only,target_err_rel,42,0.8458771679778223,0.586953231548036,0.962250427612992,64
equal_norm,active,0.05,mean_only,drift_orig_active_rel,42,10.89958474885404,10.463818298816413,11.186496712020787,64
equal_norm,active,0.05,mean_only,drift_newly_active_rel,42,36.90716239298488,34.79864166327299,38.84821717157105,64
equal_norm,active,0.05,mean_only,drift_all_nontarget_rel,42,38.28243981684217,36.69611544027687,40.8191188948591,64
equal_norm,active,0.05,mean_only,kl_next_token,14,-8.302939013308305e-18,-5.268470205894019e-17,4.6597393523612854e-17,64
equal_norm,active,0.05,mean_only,dnll_true_next,14,-2.220446049250313e-16,-3.774758283725532e-15,2.886579864025407e-15,64
equal_norm,active,0.05,mean_only,edit_norm,42,5.075355409138456,5.075355409138456,5.075355409138456,64
equal_norm,active,0.05,mean_only,n_newly_active,42,5058.0,4524.0,5858.5,64
equal_norm,inactive,0.05,mean_only,target_gain,40,0.0,0.0,0.0,64
equal_norm,inactive,0.05,mean_only,target_err_rel,40,1.0,1.0,1.0,64
equal_norm,inactive,0.05,mean_only,drift_orig_active_rel,40,11.243323679940978,10.707307715200267,11.566665183423446,64
equal_norm,inactive,0.05,mean_only,drift_newly_active_rel,40,37.04800586076385,34.357249745507815,41.07732542986528,64
equal_norm,inactive,0.05,mean_only,drift_all_nontarget_rel,40,38.842685840533804,36.24955926698006,42.68180530290128,64
equal_norm,inactive,0.05,mean_only,kl_next_token,13,2.4394774058529248e-18,-6.597430698068015e-17,4.254681951201798e-17,64
equal_norm,inactive,0.05,mean_only,dnll_true_next,13,1.7763568394002505e-15,-8.881784197001252e-16,3.552713678800501e-15,64
equal_norm,inactive,0.05,mean_only,edit_norm,40,5.075355409138456,5.075355409138456,5.075355409138456,64
equal_norm,inactive,0.05,mean_only,n_newly_active,40,4831.75,4397.1625,6099.5,64
equal_norm,active,0.05,random,target_gain,42,0.03826332249098121,0.029023560375365357,0.04828279848395105,64
equal_norm,active,0.05,random,target_err_rel,42,0.9617366784185795,0.9517172026637835,0.9709764403145561,64
equal_norm,active,0.05,random,drift_orig_active_rel,42,0.32802065571226635,0.31469061050997316,0.3553731177377505,64
equal_norm,active,0.05,random,drift_newly_active_rel,42,0.06300835447245312,0.05213999718689386,0.07746340513639756,64
equal_norm,active,0.05,random,drift_all_nontarget_rel,42,0.33691702033306437,0.31921512115942985,0.36349037030542786,64
equal_norm,active,0.05,random,kl_next_token,14,0.0001141304818140358,9.666043486356805e-05,0.00012575954853425174,64
equal_norm,active,0.05,random,dnll_true_next,14,0.00021741688724441488,-0.003938974732260014,0.0024486115074482395,64
equal_norm,active,0.05,random,edit_norm,42,5.0753554091384565,5.0753554091384565,5.0753554091384565,64
equal_norm,active,0.05,random,n_newly_active,42,5.0,4.0,5.756249999999966,64
equal_norm,inactive,0.05,random,target_gain,40,0.0,0.0,0.0,64
equal_norm,inactive,0.05,random,target_err_rel,40,1.0,1.0,1.0,64
equal_norm,inactive,0.05,random,drift_orig_active_rel,40,0.34429555562614067,0.3155149983657136,0.3694067679919635,64
equal_norm,inactive,0.05,random,drift_newly_active_rel,40,0.04522425583149272,0.03628323614490628,0.0657486470449784,64
equal_norm,inactive,0.05,random,drift_all_nontarget_rel,40,0.3486323456798893,0.32497330568629357,0.38111244696432667,64
equal_norm,inactive,0.05,random,kl_next_token,13,6.91519613534031e-05,5.7323495871993925e-05,0.0001459951958335655,64
equal_norm,inactive,0.05,random,dnll_true_next,13,-0.0010708014594902338,-0.0029648337051764173,0.0004251065991249803,64
equal_norm,inactive,0.05,random,edit_norm,40,5.0753554091384565,5.0753554091384565,5.0753554091384565,64
equal_norm,inactive,0.05,random,n_newly_active,40,3.5,2.5,4.125,64
equal_norm,active,0.1,decoder,target_gain,42,0.8948245189524731,0.8465743464544679,0.9460733675297249,64
equal_norm,active,0.1,decoder,target_err_rel,42,0.12318387402777553,0.07106335755771083,0.16250674050907274,64
equal_norm,active,0.1,decoder,drift_orig_active_rel,42,0.4551748167044435,0.4285150302644072,0.5025988259569678,64
equal_norm,active,0.1,decoder,drift_newly_active_rel,42,0.16913779667507325,0.13875038084694472,0.20008212000313616,64
equal_norm,active,0.1,decoder,drift_all_nontarget_rel,42,0.5169856822665332,0.47295772810286246,0.5303609772422377,64
equal_norm,active,0.1,decoder,kl_next_token,14,0.000733575148354457,0.0004156799746709488,0.0015926150488781688,64
equal_norm,active,0.1,decoder,dnll_true_next,14,0.0025315373454390944,-0.0004297919197909783,0.005261853453129461,64
equal_norm,active,0.1,decoder,edit_norm,42,10.150710818276913,10.150710818276913,10.150710818276913,64
equal_norm,active,0.1,decoder,n_newly_active,42,15.0,13.5,17.5,64
equal_norm,inactive,0.1,decoder,target_gain,40,0.0,0.0,0.04935717957869285,64
equal_norm,inactive,0.1,decoder,target_err_rel,40,1.0,0.9506428215945808,1.0,64
equal_norm,inactive,0.1,decoder,drift_orig_active_rel,40,0.3050750013497232,0.2966461082340396,0.3201023279868732,64
equal_norm,inactive,0.1,decoder,drift_newly_active_rel,40,0.061583906479644984,0.04229091127166574,0.07517545100570844,64
equal_norm,inactive,0.1,decoder,drift_all_nontarget_rel,40,0.315979133465235,0.3025525394912336,0.3353518901239273,64
equal_norm,inactive,0.1,decoder,kl_next_token,13,0.0005185333309263077,0.00024240042685165676,0.0006292253625042878,64
equal_norm,inactive,0.1,decoder,dnll_true_next,13,0.0010008154859799667,-0.0017497233301031478,0.005304444643361883,64
equal_norm,inactive,0.1,decoder,edit_norm,40,10.150710818276913,10.150710818276913,10.150710818276913,64
equal_norm,inactive,0.1,decoder,n_newly_active,40,6.25,5.0,7.166666666666666,64
equal_norm,active,0.1,encoder_grad,target_gain,42,1.5033944631496872,1.4688369396968832,1.7249197224002575,64
equal_norm,active,0.1,encoder_grad,target_err_rel,42,0.503394427412372,0.46883690478103796,0.7249196813970472,64
equal_norm,active,0.1,encoder_grad,drift_orig_active_rel,42,0.9848009810173888,0.8710299285536743,1.0522138873628402,64
equal_norm,active,0.1,encoder_grad,drift_newly_active_rel,42,0.5833349348999037,0.46822213222702025,0.7058758746168836,64
equal_norm,active,0.1,encoder_grad,drift_all_nontarget_rel,42,1.1600635683870255,0.9667064033309711,1.2602232153546207,64
equal_norm,active,0.1,encoder_grad,kl_next_token,14,0.0007993122916210816,0.0005089636135890997,0.0011907016593909548,64
equal_norm,active,0.1,encoder_grad,dnll_true_next,14,-9.82311720099105e-06,-0.0016173170617705956,0.005597480111582461,64
equal_norm,active,0.1,encoder_grad,edit_norm,42,10.150710818276913,10.150710818276913,10.150710818276913,64
equal_norm,active,0.1,encoder_grad,n_newly_active,42,71.75,62.25,84.0,64
equal_norm,inactive,0.1,encoder_grad,target_gain,40,0.43286575913455305,0.3032086918822294,0.4758056158847872,64
equal_norm,inactive,0.1,encoder_grad,target_err_rel,40,0.5671342511551349,0.5241943954256278,0.6967913153253698,64
equal_norm,inactive,0.1,encoder_grad,drift_orig_active_rel,40,0.7221902399416953,0.628507344860313,0.821006397826321,64
equal_norm,inactive,0.1,encoder_grad,drift_newly_active_rel,40,0.47442330100771124,0.340230106817235,0.5069365236007783,64
equal_norm,inactive,0.1,encoder_grad,drift_all_nontarget_rel,40,0.8586550028378788,0.7257611170790084,0.9839583750978463,64
equal_norm,inactive,0.1,encoder_grad,kl_next_token,13,0.0005174008662354725,0.000318199598993683,0.0006828396273840419,64
equal_norm,inactive,0.1,encoder_grad,dnll_true_next,13,-0.0006168081815629556,-0.007664886271993243,0.0022522991210673915,64
equal_norm,inactive,0.1,encoder_grad,edit_norm,40,10.150710818276913,10.150710818276913,10.150710818276913,64
equal_norm,inactive,0.1,encoder_grad,n_newly_active,40,53.625,40.25,66.83333333333334,64
equal_norm,active,0.1,jacobian_ln,target_gain,42,1.3530138810373868,1.2863069717828082,1.548854326571169,64
equal_norm,active,0.1,jacobian_ln,target_err_rel,42,0.35301384887478093,0.28630694120589784,0.5488542897532236,64
equal_norm,active,0.1,jacobian_ln,drift_orig_active_rel,42,5.39610608652388e-15,4.6128881405184925e-15,6.226662273403945e-15,64
equal_norm,active,0.1,jacobian_ln,drift_newly_active_rel,42,0.14202053356823915,0.1262647590045556,0.15190230421556394,64
equal_norm,active,0.1,jacobian_ln,drift_all_nontarget_rel,42,0.14202053356823915,0.1262647590045556,0.15190230421556394,64
equal_norm,active,0.1,jacobian_ln,kl_next_token,14,0.0006450546314583745,0.0003600956113371749,0.0008402230375494327,64
equal_norm,active,0.1,jacobian_ln,dnll_true_next,14,0.0012953397479994466,-0.001460663698892084,0.0030612934834784726,64
equal_norm,active,0.1,jacobian_ln,edit_norm,42,10.150710818276913,10.150710818276913,10.150710818276913,64
equal_norm,active,0.1,jacobian_ln,n_newly_active,42,13.75,11.0,15.0,64
equal_norm,inactive,0.1,jacobian_ln,target_gain,40,0.3039348711530322,0.17370384980657805,0.38564318632768924,64
equal_norm,inactive,0.1,jacobian_ln,target_err_rel,40,0.6960651360718288,0.6143568228394671,0.8262961543225507,64
equal_norm,inactive,0.1,jacobian_ln,drift_orig_active_rel,40,5.0533372796396956e-15,4.696055323326083e-15,5.551083067721407e-15,64
equal_norm,inactive,0.1,jacobian_ln,drift_newly_active_rel,40,0.12531091528308153,0.10088251356130637,0.1407253170341638,64
equal_norm,inactive,0.1,jacobian_ln,drift_all_nontarget_rel,40,0.12531091528308153,0.10088251356130637,0.1407253170341638,64
equal_norm,inactive,0.1,jacobian_ln,kl_next_token,13,0.00043667546729379294,0.00029152545898597287,0.0006346323824767497,64
equal_norm,inactive,0.1,jacobian_ln,dnll_true_next,13,-0.0011572787123401707,-0.006978420475816982,0.0031572877987207093,64
equal_norm,inactive,0.1,jacobian_ln,edit_norm,40,10.150710818276913,10.150710818276913,10.150710818276913,64
equal_norm,inactive,0.1,jacobian_ln,n_newly_active,40,12.125,11.0,14.0,64
equal_norm,active,0.1,mean_only,target_gain,42,1.8458772118563243,1.5869532692716344,1.9622504742578117,64
equal_norm,active,0.1,mean_only,target_err_rel,42,0.845877167977823,0.5869532315480355,0.9622504276129915,64
equal_norm,active,0.1,mean_only,drift_orig_active_rel,42,10.89958474885404,10.463818298816417,11.186496712020787,64
equal_norm,active,0.1,mean_only,drift_newly_active_rel,42,115.18305885700595,110.30697972946095,122.04139270279526,64
equal_norm,active,0.1,mean_only,drift_all_nontarget_rel,42,115.65581403033077,110.81856232180355,122.50537634424076,64
equal_norm,active,0.1,mean_only,kl_next_token,14,-5.601583409031725e-17,-7.432356935547936e-17,5.957169647118328e-19,64
equal_norm,active,0.1,mean_only,dnll_true_next,14,4.440892098500626e-16,-1.7763568394002505e-15,3.3306690738754696e-15,64
equal_norm,active,0.1,mean_only,edit_norm,42,10.150710818276911,10.150710818276911,10.150710818276911,64
equal_norm,active,0.1,mean_only,n_newly_active,42,22824.5,22101.0,23385.0,64
equal_norm,inactive,0.1,mean_only,target_gain,40,0.5811204451489204,0.4133140486185069,0.7487326504620169,64
equal_norm,inactive,0.1,mean_only,target_err_rel,40,0.4423322994971084,0.3589931651261339,0.5952161435927623,64
equal_norm,inactive,0.1,mean_only,drift_orig_active_rel,40,11.243323679940978,10.707307715200267,11.566665183423442,64
equal_norm,inactive,0.1,mean_only,drift_newly_active_rel,40,112.41728722507122,108.0307628753045,122.32792986280292,64
equal_norm,inactive,0.1,mean_only,drift_all_nontarget_rel,40,112.92482312716047,108.71698534281973,122.8772471297419,64
equal_norm,inactive,0.1,mean_only,kl_next_token,13,1.5722975483394944e-17,-9.104962911631124e-17,1.1400774965940927e-16,64
equal_norm,inactive,0.1,mean_only,dnll_true_next,13,8.881784197001252e-16,-2.220446049250313e-15,3.552713678800501e-15,64
equal_norm,inactive,0.1,mean_only,edit_norm,40,10.150710818276911,10.150710818276911,10.150710818276911,64
equal_norm,inactive,0.1,mean_only,n_newly_active,40,22377.0,21805.0,22854.875,64
equal_norm,active,0.1,random,target_gain,42,0.03826332249098144,0.02902356037536355,0.04828279848395177,64
equal_norm,active,0.1,random,target_err_rel,42,0.9617366784185792,0.9517172026637828,0.970976440314558,64
equal_norm,active,0.1,random,drift_orig_active_rel,42,0.3196610819753881,0.30698684308211127,0.3418903589066288,64
equal_norm,active,0.1,random,drift_newly_active_rel,42,0.10235711119612986,0.08556801345873591,0.11060239396382754,64
equal_norm,active,0.1,random,drift_all_nontarget_rel,42,0.34076385775215634,0.3194718858847586,0.36051746572227106,64
equal_norm,active,0.1,random,kl_next_token,14,0.0004583363972044829,0.00037758373950518286,0.00048281373108800227,64
equal_norm,active,0.1,random,dnll_true_next,14,0.00047496007114955496,-0.006747974332907525,0.004907357700664194,64
equal_norm,active,0.1,random,edit_norm,42,10.150710818276913,10.150710818276913,10.150710818276913,64
equal_norm,active,0.1,random,n_newly_active,42,11.25,9.5,13.0,64
equal_norm,inactive,0.1,random,target_gain,40,0.0,0.0,0.0,64
equal_norm,inactive,0.1,random,target_err_rel,40,1.0,1.0,1.0,64
equal_norm,inactive,0.1,random,drift_orig_active_rel,40,0.3357007843267099,0.3056065708562587,0.3626958167027154,64
equal_norm,inactive,0.1,random,drift_newly_active_rel,40,0.08233677606131345,0.05713004915571964,0.10887163799957553,64
equal_norm,inactive,0.1,random,drift_all_nontarget_rel,40,0.34825727526447187,0.31959670550886554,0.38039905184033707,64
equal_norm,inactive,0.1,random,kl_next_token,13,0.00027209114967170534,0.0002263277994890846,0.0005884053610040774,64
equal_norm,inactive,0.1,random,dnll_true_next,13,-0.001789890480699441,-0.005940909760068891,0.001007611975533118,64
equal_norm,inactive,0.1,random,edit_norm,40,10.150710818276913,10.150710818276913,10.150710818276913,64
equal_norm,inactive,0.1,random,n_newly_active,40,8.833333333333332,6.25,10.0,64
equal_norm,active,0.2,decoder,target_gain,42,0.8948245189524732,0.8465743464544675,0.9460733675297253,64
equal_norm,active,0.2,decoder,target_err_rel,42,0.12318387402777578,0.07106335755771065,0.16250674050907282,64
equal_norm,active,0.2,decoder,drift_orig_active_rel,42,0.4516392773014086,0.42244050700365887,0.4992988421617941,64
equal_norm,active,0.2,decoder,drift_newly_active_rel,42,0.28637001209903334,0.23297504000108327,0.33957303368113717,64
equal_norm,active,0.2,decoder,drift_all_nontarget_rel,42,0.5609574205627001,0.5184403109534195,0.5969925819978392,64
equal_norm,active,0.2,decoder,kl_next_token,14,0.0029723978553088995,0.0018399425331820482,0.006331333012407811,64
equal_norm,active,0.2,decoder,dnll_true_next,14,0.00959317607023813,-0.00039337347106638276,0.016042811619085384,64
equal_norm,active,0.2,decoder,edit_norm,42,20.301421636553826,20.301421636553826,20.301421636553826,64
equal_norm,active,0.2,decoder,n_newly_active,42,39.5,30.25,43.5,64
equal_norm,inactive,0.2,decoder,target_gain,40,0.29975608183992475,0.22756877204839637,0.3650921546223077,64
equal_norm,inactive,0.2,decoder,target_err_rel,40,0.7002439252856021,0.6349078540563284,0.7724312333611599,64
equal_norm,inactive,0.2,decoder,drift_orig_active_rel,40,0.2893490569317291,0.2764871337128846,0.30065829923285176,64
equal_norm,inactive,0.2,decoder,drift_newly_active_rel,40,0.10850246327751553,0.09533997228865607,0.12887346610600633,64
equal_norm,inactive,0.2,decoder,drift_all_nontarget_rel,40,0.30993103345836615,0.2995738451694937,0.3257851223850039,64
equal_norm,inactive,0.2,decoder,kl_next_token,13,0.002239608545337065,0.001154304375716499,0.0027213368787095973,64
equal_norm,inactive,0.2,decoder,dnll_true_next,13,0.0028172249687599127,-0.0032130459863588534,0.014053192485502741,64
equal_norm,inactive,0.2,decoder,edit_norm,40,20.301421636553826,20.301421636553826,20.301421636553826,64
equal_norm,inactive,0.2,decoder,n_newly_active,40,16.0,13.5,18.0,64
equal_norm,active,0.2,encoder_grad,target_gain,42,1.5033944631496863,1.468836939696884,1.7249197224002568,64
equal_norm,active,0.2,encoder_grad,target_err_rel,42,0.503394427412371,0.46883690478103845,0.7249196813970464,64
equal_norm,active,0.2,encoder_grad,drift_orig_active_rel,42,0.9847610335085372,0.8709970008216255,1.0522138873628402,64
equal_norm,active,0.2,encoder_grad,drift_newly_active_rel,42,1.0369047050459341,0.7807719343311799,1.2014221849461733,64
equal_norm,active,0.2,encoder_grad,drift_all_nontarget_rel,42,1.4604841686727252,1.1173715618910718,1.6108120722434256,64
equal_norm,active,0.2,encoder_grad,kl_next_token,14,0.003351129351098326,0.001958531414985964,0.004723205231954865,64
equal_norm,active,0.2,encoder_grad,dnll_true_next,14,0.0018651506679359109,-0.0026797643573046592,0.016217540975957512,64
equal_norm,active,0.2,encoder_grad,edit_norm,42,20.301421636553826,20.301421636553826,20.301421636553826,64
equal_norm,active,0.2,encoder_grad,n_newly_active,42,269.0,186.0,307.75,64
equal_norm,inactive,0.2,encoder_grad,target_gain,40,0.9269678868140504,0.87575458903282,0.9885561453285399,64
equal_norm,inactive,0.2,encoder_grad,target_err_rel,40,0.17383279142066477,0.1487627340587694,0.24066392600650832,64
equal_norm,inactive,0.2,encoder_grad,drift_orig_active_rel,40,0.7219258593647004,0.628312931166894,0.8208782055987764,64
equal_norm,inactive,0.2,encoder_grad,drift_newly_active_rel,40,0.7962675862954929,0.6150654028838892,0.8886979533282575,64
equal_norm,inactive,0.2,encoder_grad,drift_all_nontarget_rel,40,1.0651877703390125,0.9010173342499881,1.2304340930405342,64
equal_norm,inactive,0.2,encoder_grad,kl_next_token,13,0.0020370769571112207,0.0013586444370700882,0.002488356534221593,64
equal_norm,inactive,0.2,encoder_grad,dnll_true_next,13,-0.000162379339612162,-0.014303274668423072,0.004417525197328409,64
equal_norm,inactive,0.2,encoder_grad,edit_norm,40,20.301421636553826,20.301421636553826,20.301421636553826,64
equal_norm,inactive,0.2,encoder_grad,n_newly_active,40,194.125,142.25,229.5,64
equal_norm,active,0.2,jacobian_ln,target_gain,42,1.3530138810373868,1.2863069717828077,1.5488543265711705,64
equal_norm,active,0.2,jacobian_ln,target_err_rel,42,0.3530138488747808,0.2863069412058975,0.5488542897532251,64
equal_norm,active,0.2,jacobian_ln,drift_orig_active_rel,42,3.232264699268405e-15,2.975357710905688e-15,3.925586606051213e-15,64
equal_norm,active,0.2,jacobian_ln,drift_newly_active_rel,42,0.2263281096887032,0.19906371632379638,0.2612077620639153,64
equal_norm,active,0.2,jacobian_ln,drift_all_nontarget_rel,42,0.2263281096887032,0.19906371632379638,0.2612077620639153,64
equal_norm,active,0.2,jacobian_ln,kl_next_token,14,0.0025312396083924833,0.001500821533089357,0.0031594724984030645,64
equal_norm,active,0.2,jacobian_ln,dnll_true_next,14,0.001761129972249753,-0.0020754765941974895,0.009962761559405004,64
equal_norm,active,0.2,jacobian_ln,edit_norm,42,20.301421636553826,20.301421636553826,20.301421636553826,64
equal_norm,active,0.2,jacobian_ln,n_newly_active,42,34.5,30.5,38.75,64
equal_norm,inactive,0.2,jacobian_ln,target_gain,40,0.8019350243157576,0.7595427297581123,0.8673211140754418,64
equal_norm,inactive,0.2,jacobian_ln,target_err_rel,40,0.20863025061692408,0.1814829991794843,0.28890033587342084,64
equal_norm,inactive,0.2,jacobian_ln,drift_orig_active_rel,40,3.2180862749032782e-15,2.8909357381256594e-15,3.772289010941764e-15,64
equal_norm,inactive,0.2,jacobian_ln,drift_newly_active_rel,40,0.20617423707317012,0.19235577280429614,0.2219864629252744,64
equal_norm,inactive,0.2,jacobian_ln,drift_all_nontarget_rel,40,0.20617423707317012,0.19235577280429614,0.2219864629252744,64
equal_norm,inactive,0.2,jacobian_ln,kl_next_token,13,0.0016612511428895375,0.0011613938727319303,0.0026804947604351535,64
equal_norm,inactive,0.2,jacobian_ln,dnll_true_next,13,-0.0025476399871475763,-0.014659046020012223,0.006926694700462033,64
equal_norm,inactive,0.2,jacobian_ln,edit_norm,40,20.301421636553826,20.301421636553826,20.301421636553826,64
equal_norm,inactive,0.2,jacobian_ln,n_newly_active,40,37.125,32.5,42.0,64
equal_norm,active,0.2,mean_only,target_gain,42,1.8458772118563234,1.5869532692716348,1.9622504742578104,64
equal_norm,active,0.2,mean_only,target_err_rel,42,0.845877167977822,0.586953231548036,0.9622504276129905,64
equal_norm,active,0.2,mean_only,drift_orig_active_rel,42,10.89958474885404,10.463818298816417,11.186496712020787,64
equal_norm,active,0.2,mean_only,drift_newly_active_rel,42,202.9759377838809,199.55278187517393,207.8213588820127,64
equal_norm,active,0.2,mean_only,drift_all_nontarget_rel,42,203.26267534597412,199.89217382984333,208.09453543711214,64
equal_norm,active,0.2,mean_only,kl_next_token,14,-8.098125357470874e-18,-3.0834695626614736e-17,6.704081958287755e-17,64
equal_norm,active,0.2,mean_only,dnll_true_next,14,8.881784197001252e-16,-7.771561172376096e-16,4.463096558993008e-15,64
equal_norm,active,0.2,mean_only,edit_norm,42,20.301421636553822,20.301421636553822,20.301421636553822,64
equal_norm,active,0.2,mean_only,n_newly_active,42,24498.0,24494.5,24505.0,64
equal_norm,inactive,0.2,mean_only,target_gain,40,1.1630139646607378,1.0186781886442358,1.3036644359592475,64
equal_norm,inactive,0.2,mean_only,target_err_rel,40,0.36740684227813514,0.2451977070031343,0.4378865190715837,64
equal_norm,inactive,0.2,mean_only,drift_orig_active_rel,40,11.243323679940978,10.707307715200265,11.566665183423446,64
equal_norm,inactive,0.2,mean_only,drift_newly_active_rel,40,201.9305910454779,198.52451105776714,207.92562309707452,64
equal_norm,inactive,0.2,mean_only,drift_all_nontarget_rel,40,202.21310516309362,198.8449175551416,208.21595216529596,64
equal_norm,inactive,0.2,mean_only,kl_next_token,13,-6.2856053479428815e-18,-5.952274901417446e-17,1.5570196645035954e-17,64
equal_norm,inactive,0.2,mean_only,dnll_true_next,13,1.5543122344752192e-15,0.0,2.6645352591003757e-15,64
equal_norm,inactive,0.2,mean_only,edit_norm,40,20.301421636553822,20.301421636553822,20.301421636553822,64
equal_norm,inactive,0.2,mean_only,n_newly_active,40,24501.5,24493.5,24509.0,64
equal_norm,active,0.2,random,target_gain,42,0.03826332249098142,0.02902356037536319,0.04828279848395167,64
equal_norm,active,0.2,random,target_err_rel,42,0.9617366784185792,0.9517172026637827,0.9709764403145583,64
equal_norm,active,0.2,random,drift_orig_active_rel,42,0.3123187268732809,0.2943202027935232,0.3340594167733096,64
equal_norm,active,0.2,random,drift_newly_active_rel,42,0.15919413593424198,0.14228693311958351,0.17006490118362474,64
equal_norm,active,0.2,random,drift_all_nontarget_rel,42,0.35288612322020796,0.3335224661436891,0.37207545623684946,64
equal_norm,active,0.2,random,kl_next_token,14,0.0017890495042039312,0.0014536212875125543,0.0020255129803530363,64
equal_norm,active,0.2,random,dnll_true_next,14,0.001614555818497232,-0.012383369940908384,0.009749946667363674,64
equal_norm,active,0.2,random,edit_norm,42,20.301421636553826,20.301421636553826,20.301421636553826,64
equal_norm,active,0.2,random,n_newly_active,42,29.0,25.5,33.5,64
equal_norm,inactive,0.2,random,target_gain,40,0.0,0.0,0.0,64
equal_norm,inactive,0.2,random,target_err_rel,40,1.0,1.0,1.0,64
equal_norm,inactive,0.2,random,drift_orig_active_rel,40,0.32159202046448887,0.2925451061668747,0.35262831628377145,64
equal_norm,inactive,0.2,random,drift_newly_active_rel,40,0.14108235623180176,0.11652022898341124,0.16862142057021273,64
equal_norm,inactive,0.2,random,drift_all_nontarget_rel,40,0.3552799851287995,0.31763486526913476,0.38592738489057216,64
equal_norm,inactive,0.2,random,kl_next_token,13,0.0012107590260762783,0.0008793072198700656,0.0023978000495356363,64
equal_norm,inactive,0.2,random,dnll_true_next,13,-0.0023719781955700014,-0.010039001490340649,0.002962121971830989,64
equal_norm,inactive,0.2,random,edit_norm,40,20.301421636553826,20.301421636553826,20.301421636553826,64
equal_norm,inactive,0.2,random,n_newly_active,40,22.0,17.625,25.5,64
target_matched,active,2xq99,decoder,target_gain,42,0.8948245189524731,0.846574346454467,0.9460733675297258,64
target_matched,active,2xq99,decoder,target_err_rel,42,3.103389337997214e-08,2.3848676160815717e-08,3.344004278976178e-08,64
target_matched,active,2xq99,decoder,drift_orig_active_rel,42,0.565923425036487,0.4506434379048466,0.598951067960742,64
target_matched,active,2xq99,decoder,drift_newly_active_rel,42,0.48370108573769,0.44787890556169074,0.5471680391794533,64
target_matched,active,2xq99,decoder,drift_all_nontarget_rel,42,0.7716799231899268,0.6875826642550401,0.8289382229531044,64
target_matched,active,2xq99,decoder,kl_next_token,14,0.01944171481111749,0.0021580112079721777,0.06540419930415242,64
target_matched,active,2xq99,decoder,dnll_true_next,14,0.019751694617270443,0.004763280545849624,0.03891567490582748,64
target_matched,active,2xq99,decoder,edit_norm,42,43.26902168483811,25.695482533927887,61.55580145226712,64
target_matched,active,2xq99,decoder,n_newly_active,42,117.5,87.5,180.0,64
target_matched,inactive,2xq99,decoder,target_gain,40,0.6446435030607915,0.5477266153557838,0.6681069642307913,64
target_matched,inactive,2xq99,decoder,target_err_rel,40,2.9249540967937202e-08,2.3778377256459137e-08,3.2526213428928565e-08,64
target_matched,inactive,2xq99,decoder,drift_orig_active_rel,40,0.42333510247170847,0.3724335603231089,0.5068581929205663,64
target_matched,inactive,2xq99,decoder,drift_newly_active_rel,40,0.47656109936674296,0.42425803643992743,0.5159631904010886,64
target_matched,inactive,2xq99,decoder,drift_all_nontarget_rel,40,0.6835799975664685,0.6025262546017666,0.7265602760404377,64
target_matched,inactive,2xq99,decoder,kl_next_token,13,0.006925669776176838,0.004747196349969495,0.028197605398741152,64
target_matched,inactive,2xq99,decoder,dnll_true_next,13,0.033597185004698105,-0.008941011516133468,0.10958249020930566,64
target_matched,inactive,2xq99,decoder,edit_norm,40,60.99951700835926,42.23864435464305,68.43450435655626,64
target_matched,inactive,2xq99,decoder,n_newly_active,40,128.5,82.5,169.5,64
target_matched,active,2xq99,decoder_calib_rescaled,target_gain,42,0.8948245189524731,0.846574346454467,0.9460733675297258,64
target_matched,active,2xq99,decoder_calib_rescaled,target_err_rel,42,3.103389337997214e-08,2.3848676068170006e-08,3.344004278976178e-08,64
target_matched,active,2xq99,decoder_calib_rescaled,drift_orig_active_rel,42,0.565923425036487,0.4506434379048466,0.5989510679607419,64
target_matched,active,2xq99,decoder_calib_rescaled,drift_newly_active_rel,42,0.48370108573769,0.44787890556169074,0.5471680391794533,64
target_matched,active,2xq99,decoder_calib_rescaled,drift_all_nontarget_rel,42,0.7716799231899268,0.6875826642550401,0.8289382229531044,64
target_matched,active,2xq99,decoder_calib_rescaled,kl_next_token,14,0.01944171481111749,0.0021580112079721777,0.06540419930415242,64
target_matched,active,2xq99,decoder_calib_rescaled,dnll_true_next,14,0.019751694617270443,0.004763280545849624,0.03891567490582748,64
target_matched,active,2xq99,decoder_calib_rescaled,edit_norm,42,43.26902168483811,25.695482533927887,61.55580145226712,64
target_matched,active,2xq99,decoder_calib_rescaled,n_newly_active,42,117.5,87.5,180.0,64
target_matched,inactive,2xq99,decoder_calib_rescaled,target_gain,40,0.5341940287298212,0.4427801586971471,0.5937694769565943,64
target_matched,inactive,2xq99,decoder_calib_rescaled,target_err_rel,40,0.39377506152799857,0.32471956851989503,0.45174491542361683,64
target_matched,inactive,2xq99,decoder_calib_rescaled,drift_orig_active_rel,40,0.3159976469911261,0.26972421992178564,0.3537292409267366,64
target_matched,inactive,2xq99,decoder_calib_rescaled,drift_newly_active_rel,40,0.25266010775269343,0.21262454147971868,0.27255860116327446,64
target_matched,inactive,2xq99,decoder_calib_rescaled,drift_all_nontarget_rel,40,0.4090112460919074,0.3853357335998401,0.42439551938842957,64
target_matched,inactive,2xq99,decoder_calib_rescaled,kl_next_token,13,0.003147323065170982,0.0017636586633191628,0.022110225680474556,64
target_matched,inactive,2xq99,decoder_calib_rescaled,dnll_true_next,13,0.01949360598676897,-0.009228074209538306,0.07846075831559673,64
target_matched,inactive,2xq99,decoder_calib_rescaled,edit_norm,40,44.93527398083318,24.577902525198652,53.048912938018276,64
target_matched,inactive,2xq99,decoder_calib_rescaled,n_newly_active,40,68.25,39.875,81.5,64
target_matched,active,2xq99,decoder_plain,target_gain,42,0.8948245189524732,0.846574346454467,0.9460733675297256,64
target_matched,active,2xq99,decoder_plain,target_err_rel,42,0.12353090101636321,0.06985529188649481,0.16316609848719993,64
target_matched,active,2xq99,decoder_plain,drift_orig_active_rel,42,0.4520556394319233,0.42858802138957525,0.5001480894592318,64
target_matched,active,2xq99,decoder_plain,drift_newly_active_rel,42,0.36113459553248894,0.33099825147717205,0.42610879394134554,64
target_matched,active,2xq99,decoder_plain,drift_all_nontarget_rel,42,0.6189806551450319,0.5620782932535084,0.678205078836236,64
target_matched,active,2xq99,decoder_plain,kl_next_token,14,0.013225562434431288,0.0010923172249963139,0.060022603011675876,64
target_matched,active,2xq99,decoder_plain,dnll_true_next,14,0.012841019038218882,0.004030583111700237,0.04394123788231363,64
target_matched,active,2xq99,decoder_plain,edit_norm,42,39.750486902369026,20.035170204273697,58.609422116121706,64
target_matched,active,2xq99,decoder_plain,n_newly_active,42,98.5,47.75,168.91666666666669,64
target_matched,inactive,2xq99,decoder_plain,target_gain,40,0.5008810452214412,0.3556943973900675,0.5477971089678952,64
target_matched,inactive,2xq99,decoder_plain,target_err_rel,40,0.4996514144160918,0.4528222704044322,0.6446030454392342,64
target_matched,inactive,2xq99,decoder_plain,drift_orig_active_rel,40,0.26083516447030836,0.24775902580693948,0.2946451890794033,64
target_matched,inactive,2xq99,decoder_plain,drift_newly_active_rel,40,0.2026841708708062,0.15191446293506394,0.22149517154139492,64
target_matched,inactive,2xq99,decoder_plain,drift_all_nontarget_rel,40,0.3394268430078402,0.3192294858620498,0.360167502255339,64
target_matched,inactive,2xq99,decoder_plain,kl_next_token,13,0.0032779201664086383,0.0011645950556145024,0.0247336999999283,64
target_matched,inactive,2xq99,decoder_plain,dnll_true_next,13,0.011743156190054727,-0.00752138871922714,0.07681484626015056,64
target_matched,inactive,2xq99,decoder_plain,edit_norm,40,40.92806943278255,18.978092012641298,49.544110786456756,64
target_matched,inactive,2xq99,decoder_plain,n_newly_active,40,54.0,23.625,81.02499999999986,64
target_matched,active,2xq99,encoder_grad,target_gain,42,1.5033944631496867,1.4688369396968826,1.7249197224002566,64
target_matched,active,2xq99,encoder_grad,target_err_rel,42,3.103389263874234e-08,2.3848676342012555e-08,3.344004303195869e-08,64
target_matched,active,2xq99,encoder_grad,drift_orig_active_rel,42,0.6807780455574726,0.6082748062299026,0.7245404378298489,64
target_matched,active,2xq99,encoder_grad,drift_newly_active_rel,42,0.5696078434755566,0.5332289053116563,0.7413415311537559,64
target_matched,active,2xq99,encoder_grad,drift_all_nontarget_rel,42,0.9303374646435214,0.8263473704294926,1.131112428340915,64
target_matched,active,2xq99,encoder_grad,kl_next_token,14,0.004233442248828111,0.0008364091601871063,0.010234252261067448,64
target_matched,active,2xq99,encoder_grad,dnll_true_next,14,0.0037363119743336615,-0.00099547095286745,0.01705833152183711,64
target_matched,active,2xq99,encoder_grad,edit_norm,42,23.55717647574385,16.33457297362099,33.99824297627086,64
target_matched,active,2xq99,encoder_grad,n_newly_active,42,238.0,182.0,315.0749999999996,64
target_matched,inactive,2xq99,encoder_grad,target_gain,40,1.1275876523041515,0.9107876121112444,1.1968743837064046,64
target_matched,inactive,2xq99,encoder_grad,target_err_rel,40,2.9249540967937205e-08,2.377837756601975e-08,3.252621312253863e-08,64
target_matched,inactive,2xq99,encoder_grad,drift_orig_active_rel,40,0.73694389335117,0.5533285693788137,0.9495315631971822,64
target_matched,inactive,2xq99,encoder_grad,drift_newly_active_rel,40,1.0857355977168395,0.9220080020217106,1.225155117703867,64
target_matched,inactive,2xq99,encoder_grad,drift_all_nontarget_rel,40,1.5102544205549542,1.2153774702523061,1.613393382285652,64
target_matched,inactive,2xq99,encoder_grad,kl_next_token,13,0.003197337008819981,0.0012215273824408368,0.006183484168271885,64
target_matched,inactive,2xq99,encoder_grad,dnll_true_next,13,0.0020229224813994584,-0.011158302883207405,0.012539954436803225,64
target_matched,inactive,2xq99,encoder_grad,edit_norm,40,33.89423434424223,25.66604398120058,38.124667880535455,64
target_matched,inactive,2xq99,encoder_grad,n_newly_active,40,427.0,303.5,612.5,64
target_matched,active,2xq99,jacobian_ln,target_gain,42,1.3530138810373877,1.2863069717828082,1.5488543265711696,64
target_matched,active,2xq99,jacobian_ln,target_err_rel,42,3.1033893235977073e-08,2.3848676081467516e-08,3.344004312538548e-08,64
target_matched,active,2xq99,jacobian_ln,drift_orig_active_rel,42,3.1815306778254715e-15,2.618497344134057e-15,4.039817279251813e-15,64
target_matched,active,2xq99,jacobian_ln,drift_newly_active_rel,42,0.1843720538775488,0.16188452019880173,0.2298569752439174,64
target_matched,active,2xq99,jacobian_ln,drift_all_nontarget_rel,42,0.1843720538775488,0.16188452019880173,0.2298569752439174,64
target_matched,active,2xq99,jacobian_ln,kl_next_token,14,0.003489670961652471,0.0005925237833523341,0.013689592691623816,64
target_matched,active,2xq99,jacobian_ln,dnll_true_next,14,0.0018291659196596477,-0.0014301827408957912,0.007682471075020736,64
target_matched,active,2xq99,jacobian_ln,edit_norm,42,25.316957328776773,18.93981079352795,36.99259880966714,64
target_matched,active,2xq99,jacobian_ln,n_newly_active,42,56.25,36.25,73.0,64
target_matched,inactive,2xq99,jacobian_ln,target_gain,40,1.0401060776502433,0.8263996634352668,1.1232216759699707,64
target_matched,inactive,2xq99,jacobian_ln,target_err_rel,40,2.924954071310786e-08,2.3778377689843995e-08,3.252621325721267e-08,64
target_matched,inactive,2xq99,jacobian_ln,drift_orig_active_rel,40,3.372742024457671e-15,2.7400775091428097e-15,4.065775357656154e-15,64
target_matched,inactive,2xq99,jacobian_ln,drift_newly_active_rel,40,0.384385972892883,0.3178024975539841,0.4564810882448361,64
target_matched,inactive,2xq99,jacobian_ln,drift_all_nontarget_rel,40,0.384385972892883,0.3178024975539841,0.4564810882448361,64
target_matched,inactive,2xq99,jacobian_ln,kl_next_token,13,0.0028373011076332968,0.0008930630640601215,0.009237922270347618,64
target_matched,inactive,2xq99,jacobian_ln,dnll_true_next,13,-0.0016616192730904977,-0.004450145503293257,0.005900634678056793,64
target_matched,inactive,2xq99,jacobian_ln,edit_norm,40,36.06294468172191,28.335807054416527,40.62339382293274,64
target_matched,inactive,2xq99,jacobian_ln,n_newly_active,40,116.75,73.375,149.5,64
target_matched,active,2xq99,mean_only,target_gain,42,1.8458772118563267,1.5869532692716375,1.962250474257813,64
target_matched,active,2xq99,mean_only,target_err_rel,42,3.1033892903481834e-08,2.3848676193470915e-08,3.344004348287441e-08,64
target_matched,active,2xq99,mean_only,drift_orig_active_rel,42,6.5289050468749,5.806795694674962,7.726010900162951,64
target_matched,active,2xq99,mean_only,drift_newly_active_rel,42,97.3743438662747,83.76041190257797,114.57628628536523,64
target_matched,active,2xq99,mean_only,drift_all_nontarget_rel,42,97.44991062640621,84.05342608070275,114.86087226309195,64
target_matched,active,2xq99,mean_only,kl_next_token,14,-8.483822198939727e-18,-5.254302454772271e-17,4.769659470570592e-17,64
target_matched,active,2xq99,mean_only,dnll_true_next,14,7.771561172376096e-16,-8.881784197001252e-16,2.6645352591003757e-15,64
target_matched,active,2xq99,mean_only,edit_norm,42,18.079665527158657,14.482159888161194,24.082606014044167,64
target_matched,active,2xq99,mean_only,n_newly_active,42,24443.5,23594.5,24493.5,64
target_matched,inactive,2xq99,mean_only,target_gain,40,1.2718695218598564,1.0853239933974683,1.5245804319951972,64
target_matched,inactive,2xq99,mean_only,target_err_rel,40,2.9249540967937205e-08,2.3778378061316726e-08,3.2526213090176055e-08,64
target_matched,inactive,2xq99,mean_only,drift_orig_active_rel,40,10.013672777010411,8.622262162066107,11.24325536787533,64
target_matched,inactive,2xq99,mean_only,drift_newly_active_rel,40,187.55890304080867,163.25877229679,209.1884376797371,64
target_matched,inactive,2xq99,mean_only,drift_all_nontarget_rel,40,187.93769736972868,163.5350406558819,209.4386077295631,64
target_matched,inactive,2xq99,mean_only,kl_next_token,13,1.1018590120956517e-17,-6.084710008629136e-17,2.84238699456449e-17,64
target_matched,inactive,2xq99,mean_only,dnll_true_next,13,1.7763568394002505e-15,8.881784197001252e-16,3.552713678800501e-15,64
target_matched,inactive,2xq99,mean_only,edit_norm,40,26.82447895073168,22.754421704277746,30.873449073334513,64
target_matched,inactive,2xq99,mean_only,n_newly_active,40,24495.0,24485.5,24504.179166666665,64
target_matched,active,2xq99,random,target_gain,24,0.035063137072998234,0.025859565912003564,0.05429988365690347,31
target_matched,active,2xq99,random,target_err_rel,24,2.9249539821205155e-08,2.053699745886859e-08,3.6015852985473715e-08,31
target_matched,active,2xq99,random,drift_orig_active_rel,24,7.07009355666494,4.320405208623443,10.810197433587389,31
target_matched,active,2xq99,random,drift_newly_active_rel,24,133.27248007445175,62.980744197852395,254.72990722448588,31
target_matched,active,2xq99,random,drift_all_nontarget_rel,24,133.4258512831746,63.06702567187142,254.96017474995537,31
target_matched,active,2xq99,random,kl_next_token,9,0.8221716854415597,0.14593166612793726,1.131824554936991,31
target_matched,active,2xq99,random,dnll_true_next,9,0.7716107069677607,0.13767306157305992,1.0722098894749088,31
target_matched,active,2xq99,random,edit_norm,24,875.5112341212263,541.0034983782783,1750.747012579703,31
target_matched,active,2xq99,random,n_newly_active,24,9440.0,7896.637500000005,10997.5,31
target_matched,inactive,2xq99,random,target_gain,23,0.021685988816315102,0.013020266917796017,0.02521752709873098,29
target_matched,inactive,2xq99,random,target_err_rel,23,2.9249540330863844e-08,2.377837738028338e-08,3.601585868674822e-08,29
target_matched,inactive,2xq99,random,drift_orig_active_rel,23,12.589709460409578,6.314386228924301,21.770031804164542,29
target_matched,inactive,2xq99,random,drift_newly_active_rel,23,302.2589694233806,202.9536935480535,536.8367844955917,29
target_matched,inactive,2xq99,random,drift_all_nontarget_rel,23,302.744735267915,203.217976300585,537.2463226661788,29
target_matched,inactive,2xq99,random,kl_next_token,7,0.39784220203180143,0.1847388534306823,1.1882718343613567,29
target_matched,inactive,2xq99,random,dnll_true_next,7,0.5104693394682602,0.27860661395898534,1.088766044821384,29
target_matched,inactive,2xq99,random,edit_norm,23,1823.2094939638164,962.5792191049266,2917.028243919249,29
target_matched,inactive,2xq99,random,n_newly_active,23,10679.0,9773.0,12312.0,29
target_matched,active,q50,decoder,target_gain,42,0.8948245189524727,0.8465743464544667,0.946073367529727,64
target_matched,active,q50,decoder,target_err_rel,42,1.7358581662349866e-08,1.5362878884217463e-08,1.9579363107079155e-08,64
target_matched,active,q50,decoder,drift_orig_active_rel,42,0.5881838960387807,0.4594477507480045,0.6071003317520847,64
target_matched,active,q50,decoder,drift_newly_active_rel,42,0.07068159553616202,0.04798205484383724,0.09445192190503464,64
target_matched,active,q50,decoder,drift_all_nontarget_rel,42,0.5969695118792149,0.4605307860295268,0.6272522443939716,64
target_matched,active,q50,decoder,kl_next_token,14,1.5146456504749835e-05,8.950289904453758e-06,4.8623391322817736e-05,64
target_matched,active,q50,decoder,dnll_true_next,14,0.000142957947955491,-0.00013813745915358666,0.0008091940046628388,64
target_matched,active,q50,decoder,edit_norm,42,1.5617667841196146,1.4848167147401063,1.7754729528279614,64
target_matched,active,q50,decoder,n_newly_active,42,2.0,1.4166666666666665,3.0,64
target_matched,inactive,q50,decoder,target_gain,40,0.09682509366055095,0.08802835939295148,0.10639877418268086,64
target_matched,inactive,q50,decoder,target_err_rel,40,1.7254168544783243e-08,1.524970074316952e-08,2.2269117066815428e-08,64
target_matched,inactive,q50,decoder,drift_orig_active_rel,40,3.1789131256307472,2.8871729266499835,3.470299169888147,64
target_matched,inactive,q50,decoder,drift_newly_active_rel,40,0.9790270971262452,0.7583026761382599,1.068515707655484,64
target_matched,inactive,q50,decoder,drift_all_nontarget_rel,40,3.2440240306681147,3.0527956419223363,3.7189793986791146,64
target_matched,inactive,q50,decoder,kl_next_token,13,0.0006260850870061311,0.0002771181001771645,0.0008278026717933206,64
target_matched,inactive,q50,decoder,dnll_true_next,13,0.0021346116096503387,-0.0026005983349772777,0.0054136990459494605,64
target_matched,inactive,q50,decoder,edit_norm,40,14.790264147581965,13.880186344286205,17.339627013075138,64
target_matched,inactive,q50,decoder,n_newly_active,40,11.0,7.75,12.0,64
target_matched,active,q50,decoder_calib_rescaled,target_gain,42,0.8948245189524728,0.8465743464544665,0.946073367529727,64
target_matched,active,q50,decoder_calib_rescaled,target_err_rel,42,1.7358581662349866e-08,1.5362878884217463e-08,1.9579363107079155e-08,64
target_matched,active,q50,decoder_calib_rescaled,drift_orig_active_rel,42,0.5881838960387807,0.4594477507480045,0.6071003317520849,64
target_matched,active,q50,decoder_calib_rescaled,drift_newly_active_rel,42,0.07068159553616202,0.04798205484383724,0.09445192190503464,64
target_matched,active,q50,decoder_calib_rescaled,drift_all_nontarget_rel,42,0.5969695118792148,0.4605307860295268,0.6272522443939716,64
target_matched,active,q50,decoder_calib_rescaled,kl_next_token,14,1.5146456504749835e-05,8.950289904453758e-06,4.8623391322758484e-05,64
target_matched,active,q50,decoder_calib_rescaled,dnll_true_next,14,0.0001429579479570453,-0.00013813745915358666,0.0008091940046628388,64
target_matched,active,q50,decoder_calib_rescaled,edit_norm,42,1.5617667841196148,1.4848167147401068,1.7754729528279614,64
target_matched,active,q50,decoder_calib_rescaled,n_newly_active,42,2.0,1.4166666666666665,3.0,64
target_matched,inactive,q50,decoder_calib_rescaled,target_gain,40,0.0,0.0,0.0,64
target_matched,inactive,q50,decoder_calib_rescaled,target_err_rel,40,1.0,1.0,1.0,64
target_matched,inactive,q50,decoder_calib_rescaled,drift_orig_active_rel,40,0.37549507272146876,0.35720487982658555,0.4051375337032098,64
target_matched,inactive,q50,decoder_calib_rescaled,drift_newly_active_rel,40,0.011187707444687419,0.0009449494615560572,0.02247784130512112,64
target_matched,inactive,q50,decoder_calib_rescaled,drift_all_nontarget_rel,40,0.38058161365347337,0.3674069196980728,0.40798933026084655,64
target_matched,inactive,q50,decoder_calib_rescaled,kl_next_token,13,8.454809920539778e-06,6.303890169083981e-06,1.743964446836302e-05,64
target_matched,inactive,q50,decoder_calib_rescaled,dnll_true_next,13,0.00014728894076387888,-0.00026922213169155995,0.0006688626825339661,64
target_matched,inactive,q50,decoder_calib_rescaled,edit_norm,40,1.5617667841196148,1.45543135409756,1.7754729528279614,64
target_matched,inactive,q50,decoder_calib_rescaled,n_newly_active,40,1.0,0.5,1.0,64
target_matched,active,q50,decoder_plain,target_gain,42,0.8948245189524723,0.8465743464544686,0.9460733675297259,64
target_matched,active,q50,decoder_plain,target_err_rel,42,0.12353092144124561,0.06985532388782496,0.1631660848624114,64
target_matched,active,q50,decoder_plain,drift_orig_active_rel,42,0.47044637059828864,0.4330326690076827,0.5047747988977709,64
target_matched,active,q50,decoder_plain,drift_newly_active_rel,42,0.057668011791857834,0.0354042312845081,0.06772603600797139,64
target_matched,active,q50,decoder_plain,drift_all_nontarget_rel,42,0.4919753504754468,0.44149040008549784,0.5096874658464856,64
target_matched,active,q50,decoder_plain,kl_next_token,14,1.6572294790835795e-05,5.547628206077491e-06,2.6472408081471694e-05,64
target_matched,active,q50,decoder_plain,dnll_true_next,14,7.823473323087526e-05,-0.00014810005325882614,0.0005722746447505145,64
target_matched,active,q50,decoder_plain,edit_norm,42,1.4546310488283178,1.177028816849136,1.6452315852552635,64
target_matched,active,q50,decoder_plain,n_newly_active,42,2.0,1.0,2.35,64
target_matched,inactive,q50,decoder_plain,target_gain,40,0.0,0.0,0.0,64
target_matched,inactive,q50,decoder_plain,target_err_rel,40,1.0,1.0,1.0,64
target_matched,inactive,q50,decoder_plain,drift_orig_active_rel,40,0.31853553102338983,0.3103069834629114,0.3516363622290828,64
target_matched,inactive,q50,decoder_plain,drift_newly_active_rel,40,0.005522274526986537,0.0,0.017158764892779194,64
target_matched,inactive,q50,decoder_plain,drift_all_nontarget_rel,40,0.3188964414925215,0.3137270080276453,0.35168206948727476,64
target_matched,inactive,q50,decoder_plain,kl_next_token,13,5.699312547875846e-06,4.093496038837189e-06,1.570142990030614e-05,64
target_matched,inactive,q50,decoder_plain,dnll_true_next,13,0.00012027440461892525,-0.0002877112793027159,0.0006061220799602474,64
target_matched,inactive,q50,decoder_plain,edit_norm,40,1.3464478554002988,1.177028816849136,1.6447113736479921,64
target_matched,inactive,q50,decoder_plain,n_newly_active,40,0.5,0.0,1.0,64
target_matched,active,q50,encoder_grad,target_gain,42,1.5033944631496872,1.46883693969688,1.7249197224002533,64
target_matched,active,q50,encoder_grad,target_err_rel,42,1.7358580037187994e-08,1.536287719253522e-08,1.957936018192133e-08,64
target_matched,active,q50,encoder_grad,drift_orig_active_rel,42,0.6809040734398231,0.6084717244716671,0.7245404100210328,64
target_matched,active,q50,encoder_grad,drift_newly_active_rel,42,0.1017063615876728,0.07345888025802286,0.12116280054260622,64
target_matched,active,q50,encoder_grad,drift_all_nontarget_rel,42,0.6997126465239759,0.6150857790367902,0.73254335532899,64
target_matched,active,q50,encoder_grad,kl_next_token,14,5.508453221683335e-06,2.332974789653153e-06,1.3174520976214735e-05,64
target_matched,active,q50,encoder_grad,dnll_true_next,14,-7.030483384840025e-05,-0.00038394290378129803,0.00017992036475119536,64
target_matched,active,q50,encoder_grad,edit_norm,42,0.9775018790357594,0.876096090847531,1.0679912558007711,64
target_matched,active,q50,encoder_grad,n_newly_active,42,4.0,3.5,5.0,64
target_matched,inactive,q50,encoder_grad,target_gain,40,0.16948820245219043,0.1456908114687847,0.19024109678763618,64
target_matched,inactive,q50,encoder_grad,target_err_rel,40,1.7254166248972646e-08,1.5249699549940063e-08,2.226911658448049e-08,64
target_matched,inactive,q50,encoder_grad,drift_orig_active_rel,40,4.591559511470464,3.8759767217399372,5.168415677995131,64
target_matched,inactive,q50,encoder_grad,drift_newly_active_rel,40,2.5276947720004785,1.6762914283248218,2.7832945927083577,64
target_matched,inactive,q50,encoder_grad,drift_all_nontarget_rel,40,5.297404079663075,4.293299001307519,5.983668583019147,64
target_matched,inactive,q50,encoder_grad,kl_next_token,13,0.0002484406453397935,0.00010154773955714879,0.00035043418772671606,64
target_matched,inactive,q50,encoder_grad,dnll_true_next,13,-0.0005924950663676043,-0.0066430091788829415,0.0019837139315619368,64
target_matched,inactive,q50,encoder_grad,edit_norm,40,8.665341485525907,8.027052950083602,9.683980603936789,64
target_matched,inactive,q50,encoder_grad,n_newly_active,40,41.5,33.5,47.5,64
target_matched,active,q50,jacobian_ln,target_gain,42,1.3530138810373864,1.2863069717828108,1.5488543265711732,64
target_matched,active,q50,jacobian_ln,target_err_rel,42,1.7358581662349866e-08,1.536287759686399e-08,1.9579363134578758e-08,64
target_matched,active,q50,jacobian_ln,drift_orig_active_rel,42,3.0452181974094765e-14,2.4302303206306353e-14,3.8667055727418045e-14,64
target_matched,active,q50,jacobian_ln,drift_newly_active_rel,42,0.019828481880710822,0.01754306614622573,0.03488866090843523,64
target_matched,active,q50,jacobian_ln,drift_all_nontarget_rel,42,0.019828481880710822,0.01754306614622573,0.03488866090843523,64
target_matched,active,q50,jacobian_ln,kl_next_token,14,4.667333804867924e-06,2.959657241853278e-06,1.1601115736739146e-05,64
target_matched,active,q50,jacobian_ln,dnll_true_next,14,3.7406795875050136e-05,-0.0002629810324981108,0.0002790468471145502,64
target_matched,active,q50,jacobian_ln,edit_norm,42,1.07104216690358,0.9909692895852144,1.1877352620147947,64
target_matched,active,q50,jacobian_ln,n_newly_active,42,1.0,1.0,1.25,64
target_matched,inactive,q50,jacobian_ln,target_gain,40,0.16045321445832145,0.1353718124529255,0.18233705853793036,64
target_matched,inactive,q50,jacobian_ln,target_err_rel,40,1.7254167748070528e-08,1.5249695119541885e-08,2.2269118583714224e-08,64
target_matched,inactive,q50,jacobian_ln,drift_orig_active_rel,40,3.826777555628931e-14,3.235172162320011e-14,4.695915057595179e-14,64
target_matched,inactive,q50,jacobian_ln,drift_newly_active_rel,40,0.7600052600411276,0.6517781114944305,0.9878098820971495,64
target_matched,inactive,q50,jacobian_ln,drift_all_nontarget_rel,40,0.7600052600411276,0.6517781114944305,0.9878098820971495,64
target_matched,inactive,q50,jacobian_ln,kl_next_token,13,0.00020885506010745328,0.0001444146920845835,0.0004758884022626127,64
target_matched,inactive,q50,jacobian_ln,dnll_true_next,13,-0.0007267841781954942,-0.006092805812318858,0.0016981779894873483,64
target_matched,inactive,q50,jacobian_ln,edit_norm,40,9.453256413936462,8.581917164825178,10.358224622929523,64
target_matched,inactive,q50,jacobian_ln,n_newly_active,40,11.0,8.5,13.0,64
target_matched,active,q50,mean_only,target_gain,42,1.845877211856327,1.5869532692716357,1.9622504742578153,64
target_matched,active,q50,mean_only,target_err_rel,42,1.73585830843665e-08,1.5362878886580407e-08,1.9579360486362786e-08,64
target_matched,active,q50,mean_only,drift_orig_active_rel,42,6.5289049078326045,5.80679571227024,7.726010682870758,64
target_matched,active,q50,mean_only,drift_newly_active_rel,42,3.4883967540682126,2.9001863034263997,3.6541933910449815,64
target_matched,active,q50,mean_only,drift_all_nontarget_rel,42,7.321171230026648,6.719812182935403,8.517868897185979,64
target_matched,active,q50,mean_only,kl_next_token,14,1.24045759623294e-17,-3.0094686064501016e-17,5.260865892194773e-17,64
target_matched,active,q50,mean_only,dnll_true_next,14,8.881784197001252e-16,-8.881784197001252e-16,2.886579864025407e-15,64
target_matched,active,q50,mean_only,edit_norm,42,0.8277133661380361,0.7604134418685545,0.9080298906445471,64
target_matched,active,q50,mean_only,n_newly_active,42,69.25,60.0325,88.5,64
target_matched,inactive,q50,mean_only,target_gain,40,0.21312750472828382,0.1534699458141674,0.24640438706824996,64
target_matched,inactive,q50,mean_only,target_err_rel,40,1.7254167647870686e-08,1.5249702727445076e-08,2.2269119207007938e-08,64
target_matched,inactive,q50,mean_only,drift_orig_active_rel,40,63.51277452120611,53.89821200559512,70.82480266651149,64
target_matched,inactive,q50,mean_only,drift_newly_active_rel,40,466.8902002269657,331.1180714795166,600.7273849103176,64
target_matched,inactive,q50,mean_only,drift_all_nontarget_rel,40,471.9799047275782,338.18321047269,603.9198522166024,64
target_matched,inactive,q50,mean_only,kl_next_token,13,-5.054776984512864e-17,-7.427260435590349e-17,5.681924160735333e-17,64
target_matched,inactive,q50,mean_only,dnll_true_next,13,1.3322676295501878e-15,-1.1102230246251565e-15,2.6645352591003757e-15,64
target_matched,inactive,q50,mean_only,edit_norm,40,7.610634032672781,6.873994536561282,8.203841032445048,64
target_matched,inactive,q50,mean_only,n_newly_active,40,14459.0,12062.0,17587.5,64
target_matched,active,q50,random,target_gain,24,0.03506313707299816,0.025859565912004067,0.0542998836569034,31
target_matched,active,q50,random,target_err_rel,24,1.638055538779009e-08,1.532322717962123e-08,2.1852106740483866e-08,31
target_matched,active,q50,random,drift_orig_active_rel,24,8.576996417291483,5.342284701152078,12.826027984177594,31
target_matched,active,q50,random,drift_newly_active_rel,24,7.5482443029917,3.5422173763360183,34.371451682311914,31
target_matched,active,q50,random,drift_all_nontarget_rel,24,11.202034591152849,6.575858204960607,38.212119996096895,31
target_matched,active,q50,random,kl_next_token,9,0.024829259933117433,0.0031770226502011957,0.11315400979011057,31
target_matched,active,q50,random,dnll_true_next,9,-0.0004740037763264482,-0.1306143864747198,0.034844200465513175,31
target_matched,active,q50,random,edit_norm,24,32.85212759896147,28.139200740646196,59.02980941959808,31
target_matched,active,q50,random,n_newly_active,24,64.0,45.0,224.0,31
target_matched,inactive,q50,random,target_gain,23,0.002767694875561829,0.002078447924129549,0.0050222887943221885,29
target_matched,inactive,q50,random,target_err_rel,23,1.6749454732651596e-08,1.3985796961429356e-08,2.801364230057732e-08,29
target_matched,inactive,q50,random,drift_orig_active_rel,23,124.11217170518532,45.50882401793738,182.99642095610247,29
target_matched,inactive,q50,random,drift_newly_active_rel,23,1478.16953775257,740.0162919894191,3101.8879866388274,29
target_matched,inactive,q50,random,drift_all_nontarget_rel,23,1487.233754703647,743.5712053961814,3108.2500328811716,29
target_matched,inactive,q50,random,kl_next_token,7,0.22909173036550856,0.10592232064581782,0.5143435365389664,29
target_matched,inactive,q50,random,dnll_true_next,7,0.3227826197280761,0.10958940050309085,0.3755813917776303,29
target_matched,inactive,q50,random,edit_norm,23,564.3272907726162,381.88776739397065,907.6208681058235,29
target_matched,inactive,q50,random,n_newly_active,23,6870.0,6098.0,8874.5,29
target_matched,active,q90,decoder,target_gain,42,0.8948245189524741,0.8465743464544673,0.9460733675297253,64
target_matched,active,q90,decoder,target_err_rel,42,1.9713758826470232e-08,1.3631781768452715e-08,2.672908816730531e-08,64
target_matched,active,q90,decoder,drift_orig_active_rel,42,0.5867838335543349,0.45609626452009056,0.6034946630801447,64
target_matched,active,q90,decoder,drift_newly_active_rel,42,0.16588331679073418,0.12863995804484818,0.19706661685786828,64
target_matched,active,q90,decoder,drift_all_nontarget_rel,42,0.6097568944973438,0.4675171706477542,0.6494098389715133,64
target_matched,active,q90,decoder,kl_next_token,14,0.0003263547127079053,8.942898877082662e-05,0.0008799364132723182,64
target_matched,active,q90,decoder,dnll_true_next,14,0.0005220148414590842,-0.0005279716499662079,0.005143541239747362,64
target_matched,active,q90,decoder,edit_norm,42,6.476815988353017,5.378650016918706,8.11963768302472,64
target_matched,active,q90,decoder,n_newly_active,42,11.0,9.0,13.5,64
target_matched,inactive,q90,decoder,target_gain,40,0.28601070912469095,0.25431717614658,0.3222166396850272,64
target_matched,inactive,q90,decoder,target_err_rel,40,1.971375943089638e-08,1.625472058034367e-08,2.769855399551917e-08,64
target_matched,inactive,q90,decoder,drift_orig_active_rel,40,0.9730688331526041,0.8758840013907019,1.1477557615823162,64
target_matched,inactive,q90,decoder,drift_newly_active_rel,40,0.40823732934225343,0.33099179554779073,0.47658535518960843,64
target_matched,inactive,q90,decoder,drift_all_nontarget_rel,40,1.0625194088734813,0.9382092785890446,1.2519747639579615,64
target_matched,inactive,q90,decoder,kl_next_token,13,0.00111565259878049,0.0006505892645744549,0.001988913426258897,64
target_matched,inactive,q90,decoder,dnll_true_next,13,0.003049052175051248,-0.003123792704852857,0.009010073543510355,64
target_matched,inactive,q90,decoder,edit_norm,40,20.000146297662663,18.263397956158578,23.927996529596143,64
target_matched,inactive,q90,decoder,n_newly_active,40,16.5,13.75,19.5,64
target_matched,active,q90,decoder_calib_rescaled,target_gain,42,0.8948245189524741,0.8465743464544673,0.9460733675297253,64
target_matched,active,q90,decoder_calib_rescaled,target_err_rel,42,1.9713758826470232e-08,1.3631781768452715e-08,2.672908816730531e-08,64
target_matched,active,q90,decoder_calib_rescaled,drift_orig_active_rel,42,0.586783833554335,0.45609626452009056,0.6034946630801447,64
target_matched,active,q90,decoder_calib_rescaled,drift_newly_active_rel,42,0.1658833167907342,0.12863995804484818,0.19706661685786828,64
target_matched,active,q90,decoder_calib_rescaled,drift_all_nontarget_rel,42,0.6097568944973438,0.4675171706477542,0.6494098389715134,64
target_matched,active,q90,decoder_calib_rescaled,kl_next_token,14,0.0003263547127079005,8.942898877082662e-05,0.0008799364132723182,64
target_matched,active,q90,decoder_calib_rescaled,dnll_true_next,14,0.0005220148414590842,-0.0005279716499693166,0.005143541239747362,64
target_matched,active,q90,decoder_calib_rescaled,edit_norm,42,6.476815988353017,5.378650016918706,8.11963768302472,64
target_matched,active,q90,decoder_calib_rescaled,n_newly_active,42,11.0,9.0,13.5,64
target_matched,inactive,q90,decoder_calib_rescaled,target_gain,40,0.0,0.0,0.0,64
target_matched,inactive,q90,decoder_calib_rescaled,target_err_rel,40,1.0,1.0,1.0,64
target_matched,inactive,q90,decoder_calib_rescaled,drift_orig_active_rel,40,0.3642596019194553,0.33928425304107523,0.3871578402302508,64
target_matched,inactive,q90,decoder_calib_rescaled,drift_newly_active_rel,40,0.055550714798443784,0.0350396252165323,0.06264571826222753,64
target_matched,inactive,q90,decoder_calib_rescaled,drift_all_nontarget_rel,40,0.3777658030117803,0.3542121709207249,0.4007287180868911,64
target_matched,inactive,q90,decoder_calib_rescaled,kl_next_token,13,0.0001173566169482713,6.957193219985712e-05,0.000420474127971191,64
target_matched,inactive,q90,decoder_calib_rescaled,dnll_true_next,13,0.0005889898322424258,-0.0009398468170309648,0.002795437976991444,64
target_matched,inactive,q90,decoder_calib_rescaled,edit_norm,40,6.177938562512242,5.280732517692422,8.445611894157649,64
target_matched,inactive,q90,decoder_calib_rescaled,n_newly_active,40,4.0,2.5,5.0,64
target_matched,active,q90,decoder_plain,target_gain,42,0.8948245189524733,0.8465743464544668,0.9460733675297258,64
target_matched,active,q90,decoder_plain,target_err_rel,42,0.12353093720278568,0.06985524923440016,0.1631660867125651,64
target_matched,active,q90,decoder_plain,drift_orig_active_rel,42,0.46183788370001777,0.4330326610226545,0.5038836711803585,64
target_matched,active,q90,decoder_plain,drift_newly_active_rel,42,0.11694237763303822,0.09891766976519577,0.1477986764479523,64
target_matched,active,q90,decoder_plain,drift_all_nontarget_rel,42,0.4991203658586867,0.45021246065802234,0.5184610334925585,64
target_matched,active,q90,decoder_plain,kl_next_token,14,0.00023850970455489373,5.5021458967512115e-05,0.000591601481286344,64
target_matched,active,q90,decoder_plain,dnll_true_next,14,0.00033077988820873205,-0.0005657849294564699,0.00381948221544981,64
target_matched,active,q90,decoder_plain,edit_norm,42,5.544862084899873,5.267323034157592,6.921540994208058,64
target_matched,active,q90,decoder_plain,n_newly_active,42,9.75,7.5,11.0,64
target_matched,inactive,q90,decoder_plain,target_gain,40,0.0,0.0,0.0,64
target_matched,inactive,q90,decoder_plain,target_err_rel,40,1.0,1.0,1.0,64
target_matched,inactive,q90,decoder_plain,drift_orig_active_rel,40,0.31046566680978027,0.2971637396719373,0.3335838041562581,64
target_matched,inactive,q90,decoder_plain,drift_newly_active_rel,40,0.037179437663928686,0.028359317188602184,0.05401693856126806,64
target_matched,inactive,q90,decoder_plain,drift_all_nontarget_rel,40,0.31921443433805524,0.3022271681634856,0.33545144793929793,64
target_matched,inactive,q90,decoder_plain,kl_next_token,13,7.330605195775347e-05,4.5265650492255954e-05,0.00026524739715416825,64
target_matched,inactive,q90,decoder_plain,dnll_true_next,13,0.0004601383171705109,-0.0010016478363477077,0.002499555061111547,64
target_matched,inactive,q90,decoder_plain,edit_norm,40,5.475432387271099,4.671924988785991,7.693790806030202,64
target_matched,inactive,q90,decoder_plain,n_newly_active,40,3.125,2.0,3.875,64
target_matched,active,q90,encoder_grad,target_gain,42,1.5033944631496836,1.4688369396968823,1.7249197224002562,64
target_matched,active,q90,encoder_grad,target_err_rel,42,1.9713756509503333e-08,1.3631782177215764e-08,2.6729089968636983e-08,64
target_matched,active,q90,encoder_grad,drift_orig_active_rel,42,0.6808475135014194,0.6083243253543924,0.7245404163109614,64
target_matched,active,q90,encoder_grad,drift_newly_active_rel,42,0.2146949326299673,0.19181451580544673,0.24582059308775694,64
target_matched,active,q90,encoder_grad,drift_all_nontarget_rel,42,0.7343981104664499,0.6361431454986538,0.7535228115944305,64
target_matched,active,q90,encoder_grad,kl_next_token,14,7.847625630754719e-05,3.713721499174535e-05,0.0001789247525881641,64
target_matched,active,q90,encoder_grad,dnll_true_next,14,-0.00020068017826813112,-0.001232846154785694,0.0007300690608484928,64
target_matched,active,q90,encoder_grad,edit_norm,42,3.7153587852785632,3.42512883312597,4.649804145422996,64
target_matched,active,q90,encoder_grad,n_newly_active,42,21.0,18.0,22.0,64
target_matched,inactive,q90,encoder_grad,target_gain,40,0.500850486498879,0.4174458984231232,0.5789338304049753,64
target_matched,inactive,q90,encoder_grad,target_err_rel,40,1.971375872573254e-08,1.6254721077529216e-08,2.7698554502676876e-08,64
target_matched,inactive,q90,encoder_grad,drift_orig_active_rel,40,1.583167105858637,1.1493707126947434,1.839256466047157,64
target_matched,inactive,q90,encoder_grad,drift_newly_active_rel,40,0.988387368110623,0.709475378903815,1.2135892836045663,64
target_matched,inactive,q90,encoder_grad,drift_all_nontarget_rel,40,1.6663849735091474,1.4567275950862002,2.2690957017034004,64
target_matched,inactive,q90,encoder_grad,kl_next_token,13,0.0003775735852656744,0.000240391496556322,0.0006929770684164238,64
target_matched,inactive,q90,encoder_grad,dnll_true_next,13,-0.0006197980878002163,-0.007741223144600795,0.002495217832087615,64
target_matched,inactive,q90,encoder_grad,edit_norm,40,11.215104996951244,10.23713726435616,13.783685053996566,64
target_matched,inactive,q90,encoder_grad,n_newly_active,40,66.0,59.125,73.5,64
target_matched,active,q90,jacobian_ln,target_gain,42,1.3530138810373873,1.2863069717828077,1.5488543265711705,64
target_matched,active,q90,jacobian_ln,target_err_rel,42,1.9713759733109454e-08,1.3631781885242159e-08,2.6729090956714168e-08,64
target_matched,active,q90,jacobian_ln,drift_orig_active_rel,42,8.22959126055901e-15,6.315066616151938e-15,1.1692479590386607e-14,64
target_matched,active,q90,jacobian_ln,drift_newly_active_rel,42,0.061261414031241856,0.046028318118818155,0.07649017329366528,64
target_matched,active,q90,jacobian_ln,drift_all_nontarget_rel,42,0.061261414031241856,0.04602831811881825,0.07649017329366528,64
target_matched,active,q90,jacobian_ln,kl_next_token,14,6.954668477737031e-05,3.082795842112101e-05,0.00016482116287933827,64
target_matched,active,q90,jacobian_ln,dnll_true_next,14,0.0001097673176019276,-0.0010817653432404484,0.0011212013265291532,64
target_matched,active,q90,jacobian_ln,edit_norm,42,4.2146683687612665,3.763769510273998,5.094758807526455,64
target_matched,active,q90,jacobian_ln,n_newly_active,42,5.0,4.5,6.0,64
target_matched,inactive,q90,jacobian_ln,target_gain,40,0.46710065505101006,0.397261034950466,0.541650463088529,64
target_matched,inactive,q90,jacobian_ln,target_err_rel,40,1.9713759632371763e-08,1.6254721657579016e-08,2.769855474267651e-08,64
target_matched,inactive,q90,jacobian_ln,drift_orig_active_rel,40,1.0582862236070551e-14,8.890272785031723e-15,1.331198283494084e-14,64
target_matched,inactive,q90,jacobian_ln,drift_newly_active_rel,40,0.3454687253732186,0.2690479389783631,0.4131860461140979,64
target_matched,inactive,q90,jacobian_ln,drift_all_nontarget_rel,40,0.3454687253732186,0.2690479389783631,0.4131860461140979,64
target_matched,inactive,q90,jacobian_ln,kl_next_token,13,0.000422593580719221,0.0002742301212001249,0.0007994851656606791,64
target_matched,inactive,q90,jacobian_ln,dnll_true_next,13,-0.0013162878617094531,-0.007700335222858179,0.0027454900181829167,64
target_matched,inactive,q90,jacobian_ln,edit_norm,40,12.170309939589067,11.240687319334022,14.660525017651434,64
target_matched,inactive,q90,jacobian_ln,n_newly_active,40,17.75,13.743750000000011,19.75,64
target_matched,active,q90,mean_only,target_gain,42,1.8458772118563302,1.5869532692716357,1.9622504742578177,64
target_matched,active,q90,mean_only,target_err_rel,42,1.9713757416142555e-08,1.3631781710057994e-08,2.6729090479805078e-08,64
target_matched,active,q90,mean_only,drift_orig_active_rel,42,6.528904770143521,5.8067954679389535,7.726010968569521,64
target_matched,active,q90,mean_only,drift_newly_active_rel,42,15.040066532942735,11.373705496050189,16.84627554360203,64
target_matched,active,q90,mean_only,drift_all_nontarget_rel,42,16.758216715284448,14.423110209589417,18.659775219879815,64
target_matched,active,q90,mean_only,kl_next_token,14,-3.0327119458440714e-17,-1.0939842496773591e-16,7.474624594569416e-17,64
target_matched,active,q90,mean_only,dnll_true_next,14,8.881784197001252e-16,-1.7763568394002505e-15,2.6645352591003757e-15,64
target_matched,active,q90,mean_only,edit_norm,42,3.3537395972406467,2.841133172010946,4.040751874659534,64
target_matched,active,q90,mean_only,n_newly_active,42,2102.0,989.6666666666666,3122.5,64
target_matched,inactive,q90,mean_only,target_gain,40,0.6247457238915293,0.5032325061679558,0.6867811065362917,64
target_matched,inactive,q90,mean_only,target_err_rel,40,1.9713756005814877e-08,1.625472190617179e-08,2.769855531989898e-08,64
target_matched,inactive,q90,mean_only,drift_orig_active_rel,40,19.324099501925073,17.475769425992254,24.641011325445266,64
target_matched,inactive,q90,mean_only,drift_newly_active_rel,40,210.65786252204632,161.70703773600422,267.61061462445207,64
target_matched,inactive,q90,mean_only,drift_all_nontarget_rel,40,211.68145277078352,162.08252962522582,269.22805771953847,64
target_matched,inactive,q90,mean_only,kl_next_token,13,-6.1282302687432586e-18,-5.566773813011722e-17,5.988655096873113e-17,64
target_matched,inactive,q90,mean_only,dnll_true_next,13,-8.881784197001252e-16,-1.7763568394002505e-15,2.6645352591003757e-15,64
target_matched,inactive,q90,mean_only,edit_norm,40,9.937509890532722,9.415081262833287,10.990551494274582,64
target_matched,inactive,q90,mean_only,n_newly_active,40,22016.5,20480.333333333336,23312.5,64
target_matched,active,q90,random,target_gain,24,0.035063137072998206,0.02585956591200357,0.05429988365690343,31
target_matched,active,q90,random,target_err_rel,24,2.0120607443850038e-08,1.494325031154256e-08,3.096644995601067e-08,31
target_matched,active,q90,random,drift_orig_active_rel,24,7.951636532807804,4.39056569676389,11.324332602835092,31
target_matched,active,q90,random,drift_newly_active_rel,24,48.616257078915886,23.23020106219546,168.6103929394849,31
target_matched,active,q90,random,drift_all_nontarget_rel,24,48.93387897647746,23.400694920924852,170.0806284635206,31
target_matched,active,q90,random,kl_next_token,9,0.30566640608937407,0.024867900034143436,0.5699633377305128,31
target_matched,active,q90,random,dnll_true_next,9,0.27920261994305573,0.0005252983244172782,0.6828341899537902,31
target_matched,active,q90,random,edit_norm,24,160.70776751068195,107.759484408263,221.3108992502943,31
target_matched,active,q90,random,n_newly_active,24,2494.5,769.0,4192.0,31
target_matched,inactive,q90,random,target_gain,23,0.009355346364404304,0.006465439276178225,0.013169308227153127,29
target_matched,inactive,q90,random,target_err_rel,23,1.9713756912454098e-08,1.2851853791205991e-08,2.823683040615226e-08,29
target_matched,inactive,q90,random,drift_orig_active_rel,23,25.700628767609352,13.526547573461588,56.7059524873928,29
target_matched,inactive,q90,random,drift_newly_active_rel,23,556.502012805429,325.0705979003567,1075.0420618770834,29
target_matched,inactive,q90,random,drift_all_nontarget_rel,23,559.383638752508,325.83598489196106,1076.9747486952517,29
target_matched,inactive,q90,random,kl_next_token,7,0.26686857568142575,0.11791941656717078,0.7163348392541247,29
target_matched,inactive,q90,random,dnll_true_next,7,0.4029621417271301,0.158466646492891,0.6787450793429546,29
target_matched,inactive,q90,random,edit_norm,23,676.7894709278139,444.7239919926299,1145.6895830278347,29
target_matched,inactive,q90,random,n_newly_active,23,8260.0,6762.0,9775.5,29
target_matched,active,q99,decoder,target_gain,42,0.8948245189524733,0.8465743464544679,0.9460733675297255,64
target_matched,active,q99,decoder,target_err_rel,42,3.103389301065108e-08,2.3848675788842614e-08,3.344004254441333e-08,64
target_matched,active,q99,decoder,drift_orig_active_rel,42,0.5834229745513102,0.4520055710926532,0.6001855965189161,64
target_matched,active,q99,decoder,drift_newly_active_rel,42,0.311037155668024,0.23609127563232452,0.34180567098523895,64
target_matched,active,q99,decoder,drift_all_nontarget_rel,42,0.6563952886784605,0.5495523895906633,0.7044979698228355,64
target_matched,active,q99,decoder,kl_next_token,14,0.005324889284307789,0.000522687551663553,0.014775733668588167,64
target_matched,active,q99,decoder,dnll_true_next,14,0.003438093655709573,-0.0001264041133846039,0.011028845217890826,64
target_matched,active,q99,decoder,edit_norm,42,21.634510842419054,12.847741266963943,30.77790072613356,64
target_matched,active,q99,decoder,n_newly_active,42,38.0,30.743750000000013,47.0,64
target_matched,inactive,q99,decoder,target_gain,40,0.514654626209652,0.4220127781366573,0.5468394467724773,64
target_matched,inactive,q99,decoder,target_err_rel,40,2.924954109535188e-08,2.3778377751756118e-08,3.252621334120321e-08,64
target_matched,inactive,q99,decoder,drift_orig_active_rel,40,0.582925022180971,0.4850864036666784,0.6851374448735041,64
target_matched,inactive,q99,decoder,drift_newly_active_rel,40,0.3608241244283201,0.3033339254845171,0.4155069027611478,64
target_matched,inactive,q99,decoder,drift_all_nontarget_rel,40,0.7160250581481865,0.590245044996899,0.81947967908424,64
target_matched,inactive,q99,decoder,kl_next_token,13,0.003413906762643827,0.0013668957240520795,0.009694423384528111,64
target_matched,inactive,q99,decoder,dnll_true_next,13,0.01222432115768779,-0.007919914885519574,0.03806389257835141,64
target_matched,inactive,q99,decoder,edit_norm,40,36.91491421786418,28.978078886087182,41.54807408155444,64
target_matched,inactive,q99,decoder,n_newly_active,40,40.5,32.5,49.0,64
target_matched,active,q99,decoder_calib_rescaled,target_gain,42,0.8948245189524733,0.8465743464544679,0.9460733675297255,64
target_matched,active,q99,decoder_calib_rescaled,target_err_rel,42,3.103389294694374e-08,2.384867572693049e-08,3.344004254441333e-08,64
target_matched,active,q99,decoder_calib_rescaled,drift_orig_active_rel,42,0.5834229745513102,0.4520055710926532,0.6001855965189161,64
target_matched,active,q99,decoder_calib_rescaled,drift_newly_active_rel,42,0.311037155668024,0.23609127563232452,0.34180567098523895,64
target_matched,active,q99,decoder_calib_rescaled,drift_all_nontarget_rel,42,0.6563952886784605,0.5495523895906633,0.7044979698228355,64
target_matched,active,q99,decoder_calib_rescaled,kl_next_token,14,0.005324889284307789,0.000522687551663553,0.014775733668588167,64
target_matched,active,q99,decoder_calib_rescaled,dnll_true_next,14,0.003438093655709573,-0.0001264041133846039,0.011028845217890826,64
target_matched,active,q99,decoder_calib_rescaled,edit_norm,42,21.634510842419054,12.847741266963943,30.77790072613356,64
target_matched,active,q99,decoder_calib_rescaled,n_newly_active,42,38.0,30.743750000000013,47.0,64
target_matched,inactive,q99,decoder_calib_rescaled,target_gain,40,0.2446569454205786,0.12082221578209926,0.3514750673589573,64
target_matched,inactive,q99,decoder_calib_rescaled,target_err_rel,40,0.7273078385453912,0.6292596860768995,0.855609057280412,64
target_matched,inactive,q99,decoder_calib_rescaled,drift_orig_active_rel,40,0.34174479651588174,0.28894941429269905,0.3708755845383683,64
target_matched,inactive,q99,decoder_calib_rescaled,drift_newly_active_rel,40,0.11212917868723477,0.09931057274406989,0.12514484974654555,64
target_matched,inactive,q99,decoder_calib_rescaled,drift_all_nontarget_rel,40,0.37040480532304726,0.32166503854055317,0.39398558505919123,64
target_matched,inactive,q99,decoder_calib_rescaled,kl_next_token,13,0.0006502127881808484,0.000431084948505711,0.0059130414042203585,64
target_matched,inactive,q99,decoder_calib_rescaled,dnll_true_next,13,0.004387196061331089,-0.004738263108938767,0.02424570085215727,64
target_matched,inactive,q99,decoder_calib_rescaled,edit_norm,40,22.46763699041659,12.288951262599326,26.524456469009138,64
target_matched,inactive,q99,decoder_calib_rescaled,n_newly_active,40,16.625,11.75,22.5,64
target_matched,active,q99,decoder_plain,target_gain,42,0.894824518952473,0.8465743464544675,0.9460733675297253,64
target_matched,active,q99,decoder_plain,target_err_rel,42,0.12353090101636287,0.06985529188649446,0.16316609848719993,64
target_matched,active,q99,decoder_plain,drift_orig_active_rel,42,0.45559570396108395,0.43251341977781965,0.5021043375030425,64
target_matched,active,q99,decoder_plain,drift_newly_active_rel,42,0.21732485911966232,0.20421137653237612,0.2393200249571925,64
target_matched,active,q99,decoder_plain,drift_all_nontarget_rel,42,0.5239669221233649,0.500164356159599,0.5606277655977783,64
target_matched,active,q99,decoder_plain,kl_next_token,14,0.0032025865463565107,0.0002527465619838108,0.015545858625238912,64
target_matched,active,q99,decoder_plain,dnll_true_next,14,0.0025789016710340285,-0.00018138052925587012,0.007897229983438336,64
target_matched,active,q99,decoder_plain,edit_norm,42,19.875243451184513,10.017585102136849,29.304711058060853,64
target_matched,active,q99,decoder_plain,n_newly_active,42,32.5,22.75,44.08333333333333,64
target_matched,inactive,q99,decoder_plain,target_gain,40,0.21127364877127724,0.0,0.31774590262973296,64
target_matched,inactive,q99,decoder_plain,target_err_rel,40,0.7889640865924954,0.6825473661166415,1.0,64
target_matched,inactive,q99,decoder_plain,drift_orig_active_rel,40,0.2850613477473054,0.26593093230059756,0.30654525445489955,64
target_matched,inactive,q99,decoder_plain,drift_newly_active_rel,40,0.09036727818641868,0.07858404646442096,0.10894712235049187,64
target_matched,inactive,q99,decoder_plain,drift_all_nontarget_rel,40,0.30701100785977664,0.288777617440516,0.3180582394515041,64
target_matched,inactive,q99,decoder_plain,kl_next_token,13,0.00047208929616055157,0.00029167383845661647,0.006719477467698007,64
target_matched,inactive,q99,decoder_plain,dnll_true_next,13,0.0025293381899627043,-0.0038316480220652593,0.026183710990364872,64
target_matched,inactive,q99,decoder_plain,edit_norm,40,20.464034716391275,9.489046006320649,24.772055393228378,64
target_matched,inactive,q99,decoder_plain,n_newly_active,40,13.875,8.0,19.0,64
target_matched,active,q99,encoder_grad,target_gain,42,1.5033944631496872,1.4688369396968817,1.7249197224002568,64
target_matched,active,q99,encoder_grad,target_err_rel,42,3.1033892518710024e-08,2.3848676164168548e-08,3.344004225071546e-08,64
target_matched,active,q99,encoder_grad,drift_orig_active_rel,42,0.6808125195542765,0.608296299024384,0.7245404378298507,64
target_matched,active,q99,encoder_grad,drift_newly_active_rel,42,0.3655193956509186,0.3136741061863226,0.4500618470978246,64
target_matched,active,q99,encoder_grad,drift_all_nontarget_rel,42,0.7782151494709326,0.6911493950353149,0.9350638263569531,64
target_matched,active,q99,encoder_grad,kl_next_token,14,0.0010287257568481723,0.00017705729089784053,0.0027203581310054833,64
target_matched,active,q99,encoder_grad,dnll_true_next,14,0.0007109157703864,-0.001057799716482677,0.0020521289365111883,64
target_matched,active,q99,encoder_grad,edit_norm,42,11.778588237871926,8.167286486810495,16.99912148813543,64
target_matched,active,q99,encoder_grad,n_newly_active,42,68.5,55.5,83.0,64
target_matched,inactive,q99,encoder_grad,target_gain,40,0.91442381442396,0.6828871751773105,0.9927097491893555,64
target_matched,inactive,q99,encoder_grad,target_err_rel,40,2.92495416687179e-08,2.3778377999404606e-08,3.252621322931938e-08,64
target_matched,inactive,q99,encoder_grad,drift_orig_active_rel,40,0.9425174929073279,0.7067606061111669,1.199252378010839,64
target_matched,inactive,q99,encoder_grad,drift_newly_active_rel,40,0.943331489915314,0.7839428793870455,1.0746546134062789,64
target_matched,inactive,q99,encoder_grad,drift_all_nontarget_rel,40,1.3634178203502847,1.131417423139198,1.5320805149612347,64
target_matched,inactive,q99,encoder_grad,kl_next_token,13,0.0013750873258743127,0.00048526650249560083,0.0024859665906030184,64
target_matched,inactive,q99,encoder_grad,dnll_true_next,13,0.0007545773007704426,-0.009412452525502601,0.003557109366636446,64
target_matched,inactive,q99,encoder_grad,edit_norm,40,21.01351887657194,17.21378214962408,23.7102765835976,64
target_matched,inactive,q99,encoder_grad,n_newly_active,40,149.5,126.5,168.0,64
target_matched,active,q99,jacobian_ln,target_gain,42,1.3530138810373864,1.286306971782808,1.5488543265711705,64
target_matched,active,q99,jacobian_ln,target_err_rel,42,3.103389296480513e-08,2.3848676033191075e-08,3.3440042555099714e-08,64
target_matched,active,q99,jacobian_ln,drift_orig_active_rel,42,4.686846666138614e-15,3.576639185737824e-15,5.687617711493893e-15,64
target_matched,active,q99,jacobian_ln,drift_newly_active_rel,42,0.11394563740189091,0.09764416285126477,0.13460428439713418,64
target_matched,active,q99,jacobian_ln,drift_all_nontarget_rel,42,0.11394563740189091,0.09764416285126477,0.13460428439713418,64
target_matched,active,q99,jacobian_ln,kl_next_token,14,0.0009598258120901001,0.00013951058625279915,0.0031903083922033408,64
target_matched,active,q99,jacobian_ln,dnll_true_next,14,0.000718113202923143,-0.0020838624524159854,0.002514510698206518,64
target_matched,active,q99,jacobian_ln,edit_norm,42,12.658478664388387,9.469905396763975,18.49629940483357,64
target_matched,active,q99,jacobian_ln,n_newly_active,42,16.25,14.0,21.006249999999966,64
target_matched,inactive,q99,jacobian_ln,target_gain,40,0.859472346661792,0.6278659111185276,0.9454171201544066,64
target_matched,inactive,q99,jacobian_ln,target_err_rel,40,2.92495400760345e-08,2.3778378247053098e-08,3.252621317359703e-08,64
target_matched,inactive,q99,jacobian_ln,drift_orig_active_rel,40,5.013002591232405e-15,4.0095893543638175e-15,6.503785478490334e-15,64
target_matched,inactive,q99,jacobian_ln,drift_newly_active_rel,40,0.29514712192374953,0.2696561701110151,0.34215305929055806,64
target_matched,inactive,q99,jacobian_ln,drift_all_nontarget_rel,40,0.29514712192374953,0.2696561701110151,0.34215305929055806,64
target_matched,inactive,q99,jacobian_ln,kl_next_token,13,0.0011586295034783285,0.00039336277314456374,0.003189392568205584,64
target_matched,inactive,q99,jacobian_ln,dnll_true_next,13,-0.001838507993568994,-0.010345564818329933,0.003925971564604058,64
target_matched,inactive,q99,jacobian_ln,edit_norm,40,22.54445167218521,19.448621140448672,25.17627128399613,64
target_matched,inactive,q99,jacobian_ln,n_newly_active,40,38.0,32.625,53.0,64
target_matched,active,q99,mean_only,target_gain,42,1.8458772118563267,1.5869532692716346,1.962250474257814,64
target_matched,active,q99,mean_only,target_err_rel,42,3.103389278505137e-08,2.38486766743661e-08,3.344004243924363e-08,64
target_matched,active,q99,mean_only,drift_orig_active_rel,42,6.5289050468749,5.806795694674963,7.726010900162953,64
target_matched,active,q99,mean_only,drift_newly_active_rel,42,52.13209353997492,46.78955400965818,70.43778272441116,64
target_matched,active,q99,mean_only,drift_all_nontarget_rel,42,52.531094121706204,47.49093852391124,70.8215561733775,64
target_matched,active,q99,mean_only,kl_next_token,14,-7.000295698588149e-18,-4.4891192769438655e-17,4.189210236723374e-17,64
target_matched,active,q99,mean_only,dnll_true_next,14,9.992007221626409e-16,-1.7763568394002505e-15,2.6645352591003757e-15,64
target_matched,active,q99,mean_only,edit_norm,42,9.039832763579344,7.241079944080597,12.041303007022083,64
target_matched,active,q99,mean_only,n_newly_active,42,17567.0,15174.5,22398.44999999997,64
target_matched,inactive,q99,mean_only,target_gain,40,1.0386216414781524,0.8629777267352934,1.2536758724674228,64
target_matched,inactive,q99,mean_only,target_err_rel,40,2.9249541413888558e-08,2.377837787558036e-08,3.252621279054958e-08,64
target_matched,inactive,q99,mean_only,drift_orig_active_rel,40,12.545096885496102,11.090499130105757,14.054769433822717,64
target_matched,inactive,q99,mean_only,drift_newly_active_rel,40,183.21804573087832,156.14064076905836,218.89806518043505,64
target_matched,inactive,q99,mean_only,drift_all_nontarget_rel,40,183.83228819788414,156.41639369026507,219.40237136062728,64
target_matched,inactive,q99,mean_only,kl_next_token,13,2.2676178074824435e-17,-3.430529633203056e-17,7.070515258472839e-17,64
target_matched,inactive,q99,mean_only,dnll_true_next,13,8.881784197001252e-16,-1.7763568394002505e-15,3.9968028886505635e-15,64
target_matched,inactive,q99,mean_only,edit_norm,40,17.354600036702294,14.10845116012894,19.50439013547537,64
target_matched,inactive,q99,mean_only,n_newly_active,40,24470.25,24104.5,24491.0,64
target_matched,active,q99,random,target_gain,24,0.03506313707299823,0.025859565912003394,0.054299883656903504,31
target_matched,active,q99,random,target_err_rel,24,2.924953669954569e-08,2.0536996355182348e-08,3.6015852985473715e-08,31
target_matched,active,q99,random,drift_orig_active_rel,24,7.334884838413856,4.322700259882362,10.94998707437344,31
target_matched,active,q99,random,drift_newly_active_rel,24,107.69884971241221,46.76807249830607,237.26978596247767,31
target_matched,active,q99,random,drift_all_nontarget_rel,24,107.9075838401858,46.945617045957064,237.5232853433718,31
target_matched,active,q99,random,kl_next_token,9,0.6905610799093205,0.06624702340663523,0.9497832156586261,31
target_matched,active,q99,random,dnll_true_next,9,0.6830738853422815,0.034445546872722055,0.8749137300171652,31
target_matched,active,q99,random,edit_norm,24,437.75561706061313,270.5017491891392,875.3735062898515,31
target_matched,active,q99,random,n_newly_active,24,7449.75,5278.0,9267.918749999999,31
target_matched,inactive,q99,random,target_gain,23,0.015737594206590808,0.00948816099847297,0.021361357326637218,29
target_matched,inactive,q99,random,target_err_rel,23,2.9249541222766548e-08,2.3778377751756118e-08,3.6015859066833184e-08,29
target_matched,inactive,q99,random,drift_orig_active_rel,23,17.441393462227893,7.68952474776888,31.955070689584034,29
target_matched,inactive,q99,random,drift_newly_active_rel,23,347.38175921167556,221.65347892072708,603.6694997725374,29
target_matched,inactive,q99,random,drift_all_nontarget_rel,23,347.5425698517619,222.0940109557165,604.1479838640457,29
target_matched,inactive,q99,random,kl_next_token,7,0.32666351918849884,0.1369866045915438,0.9800030956837265,29
target_matched,inactive,q99,random,dnll_true_next,7,0.44051328306196735,0.20330703388893978,0.8900553810927541,29
target_matched,inactive,q99,random,edit_norm,23,1174.114891810143,593.9380610092169,1837.121294121522,29
target_matched,inactive,q99,random,n_newly_active,23,9947.0,8348.0,10617.0,29
