admissible,delta_mean_component,dnll_true_next,doc_id,dose,drift_all_nontarget,drift_all_nontarget_rel,drift_deactivated,drift_deactivated_rel,drift_inactive_to_inactive,drift_newly_active,drift_newly_active_rel,drift_orig_active,drift_orig_active_kept,drift_orig_active_kept_rel,drift_orig_active_rel,edit_norm,feature,forward_seconds_group,kl_next_token,method,mode,n_constraints,n_deactivated,n_newly_active,n_orig_active,position,rank,reason,residual_rel,scale_s,solve_seconds,status,target_active_after,target_active_before,target_change,target_err_rel,target_kind,window
1,1.734723475976807e-18,-0.002358798028928355,calibration:026d28d148db2ee1,0.025,0.9802390928448593,0.38627405985343993,0.0,0.0,0.0,0.11685026634024748,0.04604614027707093,0.9732495540186628,0.9732495540186628,0.3835197547470576,0.3835197547470576,2.5376777045692283,2360,30.703368961000024,8.974185985891154e-05,decoder,equal_norm,,0.0,2.0,59.0,54,,,,,,OK,1.0,1.0,1.9988006949911767,0.21235047150449082,active,3
1,-8.673617379884035e-18,-0.0015176085427732744,calibration:026d28d148db2ee1,0.025,2.8408847108032096,1.1194820517030721,0.0,0.0,0.0,0.9504831885160557,0.3745484165347882,2.6771641056206823,2.6771641056206823,1.0549661358340383,1.0549661358340383,2.5376777045692283,2360,30.703368961000024,5.760311378160396e-05,encoder_grad,equal_norm,,0.0,17.0,59.0,54,,,,,,OK,1.0,1.0,3.7912771537891143,0.49399470895770015,active,3
1,-8.384496800554567e-18,-0.0023202112057516544,calibration:026d28d148db2ee1,0.025,0.13223468758491536,0.052108541681025036,0.0,0.0,0.0,0.13223468758491536,0.052108541681025036,3.6229524661789996e-14,3.6229524661789996e-14,1.42766450346873e-14,1.42766450346873e-14,2.5376777045692283,2360,30.703368961000024,4.409094213128622e-05,jacobian_ln,equal_norm,,0.0,5.0,59.0,54,,,,,,OK,1.0,1.0,3.444047725178113,0.35716511088392744,active,3
1,0.0,0.001206680082518119,calibration:026d28d148db2ee1,0.025,0.9287069285541386,0.3659672403653076,0.0,0.0,0.0,0.05065896932510719,0.01996272735094545,0.9273242302298478,0.9273242302298478,0.3654223727925134,0.3654223727925134,2.5376777045692287,2360,30.703368961000024,3.570913711868558e-05,random,equal_norm,,0.0,2.0,59.0,54,,,,,,OK,1.0,1.0,0.11981761651306355,0.9527845425567121,active,3
0,0.09157055661559711,-4.440892098500626e-15,calibration:026d28d148db2ee1,0.025,56.575762430652816,22.294305137298515,0.0,0.0,0.0,45.52951592225144,17.941409485525732,33.58392583506459,33.58392583506459,13.234117546238666,13.234117546238666,2.537677704569228,2360,30.703368961000024,9.029743878012931e-17,mean_only,equal_norm,,0.0,574.0,59.0,54,,,,,,OK,1.0,1.0,5.054934808347779,0.9919529887837271,active,3
1,3.469446951953614e-18,-0.005076982889526072,calibration:026d28d148db2ee1,0.05,2.014072410511631,0.3968337584809331,0.0,0.0,0.0,0.5173286162528447,0.10192953246661393,1.9464991080373115,1.9464991080373115,0.3835197547470548,0.3835197547470548,5.0753554091384565,2360,30.703368961000024,0.0003688190659500409,decoder,equal_norm,,0.0,10.0,59.0,54,,,,,,OK,1.0,1.0,3.9976013899823477,0.21235047150449196,active,3
1,-1.734723475976807e-17,-0.0034078494328548814,calibration:026d28d148db2ee1,0.05,6.169148547401534,1.2155106201323946,0.0,0.0,0.0,3.064239417247183,0.6037487224814958,5.354328211241359,5.354328211241359,1.0549661358340372,1.0549661358340372,5.0753554091384565,2360,30.703368961000024,0.00023458934538152487,encoder_grad,equal_norm,,0.0,50.0,59.0,54,,,,,,OK,1.0,1.0,7.582554307578219,0.49399470895769826,active,3
1,-1.6768993601109134e-17,-0.0047908763681530075,calibration:026d28d148db2ee1,0.05,0.5704578912865848,0.11239762179000151,0.0,0.0,0.0,0.5704578912865848,0.11239762179000151,2.990191841428297e-14,2.990191841428297e-14,5.891590892263806e-15,5.891590892263806e-15,5.0753554091384565,2360,30.703368961000024,0.00018399900747783225,jacobian_ln,equal_norm,,0.0,11.0,59.0,54,,,,,,OK,1.0,1.0,6.888095450356218,0.3571651108839259,active,3
1,0.0,0.0022681782860507482,calibration:026d28d148db2ee1,0.05,1.8412025516252046,0.36277311822195524,0.5119368400742412,0.10086718793784914,0.0,0.18702558266416172,0.036849750045407886,1.8316790842121595,1.7586838656549664,0.34651441762729335,0.36089670437130855,5.075355409138457,2360,30.703368961000024,0.00014462734751979016,random,equal_norm,,1.0,5.0,59.0,54,,,,,,OK,1.0,1.0,0.23963523302613376,0.9527845425567109,active,3
0,0.18314111323119422,-2.6645352591003757e-15,calibration:026d28d148db2ee1,0.05,214.87225837875633,42.33639537521267,0.0,0.0,0.0,204.10430451807366,40.214779697751254,67.16785167012918,67.16785167012918,13.234117546238666,13.234117546238666,5.075355409138456,2360,30.703368961000024,1.1686252863521413e-16,mean_only,equal_norm,,0.0,4581.0,59.0,54,,,,,,OK,1.0,1.0,10.109869616695558,0.9919529887837271,active,3
1,6.938893903907228e-18,-0.011827857404314912,calibration:026d28d148db2ee1,0.1,4.499022250262433,0.44322237367013384,0.5119368400742412,0.05043359396892457,0.0,2.2573075486827063,0.22237925357499636,3.891755881220778,3.857937857300363,0.38006577417677695,0.3833973657984822,10.150710818276913,2360,30.703368961000024,0.0015869913890857,decoder,equal_norm,,1.0,29.0,59.0,54,,,,,,OK,1.0,1.0,7.995202779964689,0.21235047150449257,active,3
1,-3.469446951953614e-17,-0.008174841887740314,calibration:026d28d148db2ee1,0.1,14.429499896024513,1.42152602032939,0.0,0.0,0.0,9.671356930368725,0.9527763004593022,10.708656422482713,10.708656422482713,1.0549661358340368,1.0549661358340368,10.150710818276913,2360,30.703368961000024,0.0009754053653626942,encoder_grad,equal_norm,,0.0,95.0,59.0,54,,,,,,OK,1.0,1.0,15.165108615156456,0.4939947089577,active,3
1,-3.353798720221827e-17,-0.010141081280138131,calibration:026d28d148db2ee1,0.1,2.2680732516652937,0.22343983966787279,0.0,0.0,0.0,2.2680732516652937,0.22343983966787279,5.3917963259667154e-14,5.3917963259667154e-14,5.311742492052526e-15,5.311742492052526e-15,10.150710818276913,2360,30.703368961000024,0.0008024487220238595,jacobian_ln,equal_norm,,0.0,29.0,59.0,54,,,,,,OK,1.0,1.0,13.776190900712447,0.35716511088392694,active,3
1,0.0,0.00396110599082089,calibration:026d28d148db2ee1,0.1,3.6773224148906145,0.36227239582625637,0.5119368400742412,0.05043359396892457,0.0,0.942732760421249,0.09287356864841699,3.5544275327379333,3.517367731309917,0.34651441762729185,0.350165373822432,10.150710818276915,2360,30.703368961000024,0.0005932026455943589,random,equal_norm,,1.0,17.0,59.0,54,,,,,,OK,1.0,1.0,0.47927046605227774,0.9527845425567097,active,3
0,0.36628222646238845,8.881784197001252e-16,calibration:026d28d148db2ee1,0.1,1156.0419379516597,113.88777901048795,0.0,0.0,0.0,1148.210294811498,113.11624260341252,134.33570334025836,134.33570334025836,13.234117546238666,13.234117546238666,10.150710818276911,2360,30.703368961000024,6.097795632786946e-17,mean_only,equal_norm,,0.0,22763.0,59.0,54,,,,,,OK,1.0,1.0,20.21973923339112,0.9919529887837274,active,3
1,1.3877787807814457e-17,-0.030981033710498984,calibration:026d28d148db2ee1,0.2,11.269647287683426,0.5551161500680367,0.5321213250486169,0.02621103693750209,0.0,8.198939355196705,0.40386034569797774,7.731904256947122,7.713571827242263,0.37995229013881443,0.3808553022331039,20.301421636553826,2360,30.703368961000024,0.007881317999634332,decoder,equal_norm,,2.0,53.0,59.0,54,,,,,,OK,1.0,1.0,15.990405559929386,0.21235047150449224,active,3
1,-6.938893903907228e-17,-0.020491514394286092,calibration:026d28d148db2ee1,0.2,36.27014276698582,1.7865813810545585,0.0,0.0,0.0,29.27152143019581,1.4418458597832897,21.417312844965426,21.417312844965426,1.0549661358340368,1.0549661358340368,20.301421636553826,2360,30.703368961000024,0.004308615082965958,encoder_grad,equal_norm,,0.0,310.0,59.0,54,,,,,,OK,1.0,1.0,30.3302172303129,0.4939947089576995,active,3
1,-6.707597440443654e-17,-0.02205982302963605,calibration:026d28d148db2ee1,0.2,7.992167090058769,0.3936752333484844,0.0,0.0,0.0,7.992167090058769,0.3936752333484844,8.747095675312698e-14,8.747095675312698e-14,4.3086122853756855e-15,4.3086122853756855e-15,20.301421636553826,2360,30.703368961000024,0.003818754609046072,jacobian_ln,equal_norm,,0.0,62.0,59.0,54,,,,,,OK,1.0,1.0,27.552381801424897,0.3571651108839271,active,3
1,0.0,0.005635214690268953,calibration:026d28d148db2ee1,0.2,8.15194484934629,0.4015455075760657,1.8913337210107322,0.09316262229863893,0.0,4.169731579929144,0.20539110784745618,7.004822865578052,6.744657154658998,0.3322258467942493,0.3450409939003116,20.30142163655383,2360,30.703368961000024,0.0024946817521823497,random,equal_norm,,4.0,39.0,59.0,54,,,,,,OK,1.0,1.0,0.9585409321045444,0.9527845425567103,active,3
0,0.7325644529247769,-6.217248937900877e-15,calibration:026d28d148db2ee1,0.2,4099.3146742724975,201.92253775205108,0.0,0.0,0.0,4090.5007607795587,201.48838523597541,268.6714066805167,268.6714066805167,13.234117546238666,13.234117546238666,20.301421636553822,2360,30.703368961000024,3.9384103505639604e-17,mean_only,equal_norm,,0.0,24516.0,59.0,54,,,,,,OK,1.0,1.0,40.43947846678225,0.9919529887837277,active,3
1,4.625929269271485e-18,-0.03857024663190867,calibration:026d28d148db2ee1,2xq99,14.065587278807357,0.7523992586248945,1.596504689351159,0.08540055390853414,0.0,10.801256992118518,0.5777830382760968,9.00963888776671,8.867060711692343,0.47431861702008804,0.48194543784512933,23.734302193195962,2360,30.703368961000024,0.011736282060590708,decoder,target_matched,,4.0,68.0,59.0,54,,,,23.79105429893829,,OK,1.0,1.0,18.694312376024744,3.6015854695856065e-08,active,3
1,-3.932039878880763e-17,-0.010771198848249064,calibration:026d28d148db2ee1,2xq99,18.790166371964833,1.0051274054518913,0.0,0.0,0.0,13.371995807991926,0.7152975224452497,13.20076059919141,13.20076059919141,0.706137773790737,0.706137773790737,12.512970641430824,2360,30.703368961000024,0.0015122703733058442,encoder_grad,target_matched,,0.0,128.0,59.0,54,,,,8.375511820061094,,OK,1.0,1.0,18.694312376024758,3.6015853935686134e-08,active,3
,-5.088522196198634e-17,-0.01424537432414752,calibration:026d28d148db2ee1,2xq99,4.004314642534733,0.21419961418058944,0.0,0.0,0.0,4.004314642534733,0.21419961418058944,5.852481631220163e-14,5.852481631220163e-14,3.130621390463005e-15,3.130621390463005e-15,13.77453029238647,2360,30.703368961000024,0.0015727621470812345,jacobian_ln,target_matched,60,0.0,42.0,59.0,54,60,,3.0938184305781094e-15,,0.017339622000008603,OK,1.0,1.0,18.694312376024754,3.601585412572862e-08,active,3
1,-7.401486830834377e-17,0.04014643951663377,calibration:026d28d148db2ee1,2xq99,1454.02804978474,77.77916449504997,15.845601438775793,0.8476161385002172,0.0,1449.5717712413934,77.54078833586237,113.75082233067201,112.64176177576226,6.025456055999941,6.084782149019994,395.93626629783796,2360,30.703368961000024,0.35437293976944206,random,target_matched,,16.0,7252.0,59.0,54,,,,14.306642874792658,,OK,1.0,1.0,18.694312376024723,3.601585583611097e-08,active,3
0,0.33864899444231505,-8.881784197001252e-16,calibration:026d28d148db2ee1,2xq99,964.7087570293543,51.60439725623567,0.0,0.0,0.0,956.6802369423684,51.1749340250484,124.20108748724948,124.20108748724948,6.643789860563565,6.643789860563565,9.384916228899208,2360,30.703368961000024,1.0869014125065913e-16,mean_only,target_matched,,0.0,21309.0,59.0,54,,,,9.384916228899197,,OK,1.0,1.0,18.694312376024754,3.601585412572862e-08,active,3
1,4.625929269271485e-18,-0.03857024663190867,calibration:026d28d148db2ee1,2xq99,14.065587278807357,0.7523992586248945,1.596504689351159,0.08540055390853414,0.0,10.801256992118518,0.5777830382760968,9.00963888776671,8.867060711692343,0.47431861702008804,0.48194543784512933,23.734302193195962,2360,30.703368961000024,0.011736282060590708,decoder_calib_rescaled,target_matched,,4.0,68.0,59.0,54,,,,,,OK_UNMATCHED,1.0,1.0,18.694312376024744,3.6015854695856065e-08,active,3
1,-4.04768811061255e-18,-0.027440887385090207,calibration:026d28d148db2ee1,2xq99,10.000115651400703,0.5349282225573074,0.5321213250486169,0.02846434226520428,0.0,7.036172030656224,0.3763803469052058,7.1059549813097185,7.086003322877354,0.3790459325348929,0.3801131907101321,18.649718236588416,2360,30.703368961000024,0.006389802901820443,decoder_plain,target_matched,,2.0,48.0,59.0,54,,,,,,OK_UNMATCHED,1.0,1.0,14.689442124806884,0.21422937092924993,active,3
1,7.950815931560366e-19,-0.0023026656361606612,calibration:026d28d148db2ee1,q50,0.9578430075900999,0.4901079861867937,0.0,0.0,0.0,0.10912764494014722,0.05583830531214895,0.9516062128312663,0.9516062128312663,0.48691675036287424,0.48691675036287424,2.481244260385416,2360,30.703368961000024,8.57489449374102e-05,decoder,target_matched,,0.0,2.0,59.0,54,,,,2.4871772697274097,,OK,1.0,1.0,1.954350918231789,1.54025310446942e-08,active,3
1,-4.625929269271485e-18,-0.0007341525707706964,calibration:026d28d148db2ee1,q50,1.4169667947166844,0.725031906845992,0.0,0.0,0.0,0.3213745170824378,0.16444053579856702,1.3800410563094507,1.3800410563094507,0.7061377883465914,0.7061377883465914,1.3081377464437136,2360,30.703368961000024,1.517608705659587e-05,encoder_grad,target_matched,,0.0,9.0,59.0,54,,,,0.875597287931827,,OK,1.0,1.0,1.954350918231789,1.54025310446942e-08,active,3
,-5.204170427930421e-18,-0.001297648285691011,calibration:026d28d148db2ee1,q50,0.03365115035968821,0.017218581129647588,0.0,0.0,0.0,0.03365115035968821,0.017218581129647588,3.085431744258104e-14,3.085431744258104e-14,1.5787500944437393e-14,1.5787500944437393e-14,1.4400243979908096,2360,30.703368961000024,1.3942989277480192e-05,jacobian_ln,target_matched,60,0.0,2.0,59.0,54,60,,3.053007666568397e-15,,0.017575564000026134,OK,1.0,1.0,1.9543509182318006,1.540252513668701e-08,active,3
1,-9.25185853854297e-18,0.0016284260833350217,calibration:026d28d148db2ee1,q50,20.2499043427988,10.361447292802586,2.3275244576783782,1.1909449833781398,0.0,14.764382876013718,7.5546221054113545,13.858990734644951,13.662146759637873,6.990631222752536,7.091352116906632,41.3921833569464,2360,30.703368961000024,0.011380744232293056,random,target_matched,,6.0,94.0,59.0,54,,,,1.4956527994591586,,OK,1.0,1.0,1.954350918231794,1.54025285451527e-08,active,3
0,0.03540322638961645,-2.6645352591003757e-15,calibration:026d28d148db2ee1,q50,15.71683999899658,8.041974248482136,0.0,0.0,0.0,8.855906709210414,4.531379953411577,12.98429728217206,12.98429728217206,6.643789997514182,6.643789997514182,0.9811229897388647,2360,30.703368961000024,6.247316417879104e-17,mean_only,target_matched,,0.0,101.0,59.0,54,,,,0.9811229897388631,,OK,1.0,1.0,1.954350918231798,1.5402526500073287e-08,active,3
1,7.950815931560366e-19,-0.0023026656361606612,calibration:026d28d148db2ee1,q50,0.9578430075900999,0.4901079861867937,0.0,0.0,0.0,0.10912764494014722,0.05583830531214895,0.9516062128312663,0.9516062128312663,0.48691675036287424,0.48691675036287424,2.481244260385416,2360,30.703368961000024,8.57489449374102e-05,decoder_calib_rescaled,target_matched,,0.0,2.0,59.0,54,,,,,,OK_UNMATCHED,1.0,1.0,1.954350918231789,1.54025310446942e-08,active,3
1,-1.4456028966473392e-19,-0.0017825315284616394,calibration:026d28d148db2ee1,q50,0.7487573403909071,0.3831232773362891,0.0,0.0,0.0,0.03893722141312723,0.01992335176357384,0.7477442394147145,0.7477442394147145,0.38260489501756767,0.38260489501756767,1.94968893358095,2360,30.703368961000024,5.268550575016406e-05,decoder_plain,target_matched,,0.0,2.0,59.0,54,,,,,,OK_UNMATCHED,1.0,1.0,1.5356716057525186,0.2142293547319039,active,3
1,-8.673617379884035e-19,-0.007375387591916471,calibration:026d28d148db2ee1,q90,2.8620361578142313,0.5214581700493786,0.0,0.0,0.0,1.0243224620715912,0.18662982826193766,2.6724547633835902,2.6724547633835902,0.4869167591223024,0.4869167591223024,6.968232188245506,2360,30.703368961000024,0.0007122628969505102,decoder,target_matched,,0.0,18.0,59.0,54,,,,6.984894226453554,,OK,1.0,1.0,5.48852492798698,2.587059016498105e-09,active,3
1,-1.2721305490496585e-17,-0.002319433125792969,calibration:026d28d148db2ee1,q90,4.240344844940165,0.7725836926216557,0.0,0.0,0.0,1.7204137277051286,0.31345648507183416,3.8756549136287126,3.8756549136287126,0.706137801049713,0.706137801049713,3.6737243877844215,2360,30.703368961000024,0.00012168875772286284,encoder_grad,target_matched,,0.0,36.0,59.0,54,,,,2.4589941841353777,,OK,1.0,1.0,5.488524927986973,2.5870577219012016e-09,active,3
,-1.5034270125132327e-17,-0.0037693085950811778,calibration:026d28d148db2ee1,q90,0.37579079395339005,0.06846845005829488,0.0,0.0,0.0,0.37579079395339005,0.06846845005829488,3.6529503638743866e-14,3.6529503638743866e-14,6.655614069816338e-15,6.655614069816338e-15,4.044109853328085,2360,30.703368961000024,0.00011481852884329102,jacobian_ln,target_matched,60,0.0,8.0,59.0,54,60,,2.995483718875014e-15,,0.017945065000049,OK,1.0,1.0,5.488524927986969,2.5870570746027497e-09,active,3
1,-7.401486830834377e-17,-0.031169191423759735,calibration:026d28d148db2ee1,q90,136.54575030710296,24.87840584709444,14.598692369986708,2.6598571746140784,0.0,131.61711699627205,23.98041715464092,36.35486818184524,33.29496390756168,6.066286375765679,6.623795783547851,116.24423641581801,2360,30.703368961000024,0.09950886856523783,random,target_matched,,11.0,1211.0,59.0,54,,,,4.200334544254798,,OK,1.0,1.0,5.488524927986969,2.5870570746027497e-09,active,3
0,0.09942507702065091,-8.881784197001252e-16,calibration:026d28d148db2ee1,q90,64.69451450080106,11.787231636369286,0.0,0.0,0.0,53.4388678826655,9.73647177011451,36.46460757931424,36.46460757931424,6.643790117033214,6.643790117033214,2.755348559139458,2360,30.703368961000024,-3.3416029051003667e-18,mean_only,target_matched,,0.0,713.0,59.0,54,,,,2.75534855913946,,OK,1.0,1.0,5.488524927986974,2.5870580455504273e-09,active,3
1,3.758567531283082e-18,-0.007375387591914695,calibration:026d28d148db2ee1,q90,2.862036157814232,0.5214581700493788,0.0,0.0,0.0,1.024322462071591,0.18662982826193764,2.672454763383591,2.672454763383591,0.4869167591223026,0.4869167591223026,6.968232188245508,2360,30.703368961000024,0.000712262896950479,decoder_calib_rescaled,target_matched,,0.0,18.0,59.0,54,,,,,,OK_UNMATCHED,1.0,1.0,5.48852492798698,2.587059016498105e-09,active,3
1,1.1564823173178713e-18,-0.005542409948987803,calibration:026d28d148db2ee1,q90,2.1855064314463863,0.39819559276411925,0.0,0.0,0.0,0.6055616448801825,0.11033231230470286,2.0999365362180655,2.0999365362180655,0.38260490190046686,0.38260490190046686,5.475432387271099,2360,30.703368961000024,0.0004313326661415788,decoder_plain,target_matched,,0.0,10.0,59.0,54,,,,,,OK_UNMATCHED,1.0,1.0,4.31272184066118,0.2142293405962141,active,3
1,2.3129646346357427e-18,-0.01455447375755714,calibration:026d28d148db2ee1,q99,5.460507339380156,0.5841891408339104,0.5119368400742412,0.05476925937034752,0.0,3.03517253886596,0.32471613488648055,4.539258536670776,4.510298076015964,0.4825315660562228,0.4856298837722483,11.867151096597981,2360,30.703368961000024,0.0022362744838894046,decoder,target_matched,,1.0,34.0,59.0,54,,,,11.895527149469144,,OK,1.0,1.0,9.347156188012361,3.601585583611097e-08,active,3
1,-1.9660199394403815e-17,-0.00440623360458936,calibration:026d28d148db2ee1,q99,7.933877932929089,0.8488012276245911,0.0,0.0,0.0,4.402431027889933,0.47099147385369333,6.600380299595709,6.600380299595709,0.7061377737907373,0.7061377737907373,6.256485320715412,2360,30.703368961000024,0.00035955929013825144,encoder_grad,target_matched,,0.0,59.0,59.0,54,,,,4.187755910030547,,OK,1.0,1.0,9.347156188012365,3.6015855456026e-08,active,3
,-2.544261098099317e-17,-0.00664152716437183,calibration:026d28d148db2ee1,q99,1.0481505929710426,0.11213576986819211,0.0,0.0,0.0,1.0481505929710426,0.11213576986819211,4.481469465601761e-14,4.481469465601761e-14,4.794473542600309e-15,4.794473542600309e-15,6.887265146193235,2360,30.703368961000024,0.0003493718753385535,jacobian_ln,target_matched,60,0.0,21.0,59.0,54,60,,3.0938184305781094e-15,,0.017498455000122703,OK,1.0,1.0,9.347156188012368,3.6015855075941036e-08,active,3
1,-3.700743415417188e-17,-0.022258292062764973,calibration:026d28d148db2ee1,q99,430.49076586900935,46.05579940095751,15.212730077766913,1.6275249095952415,0.0,426.51334127225124,45.63027698820391,58.38380953026581,56.367029892015445,6.030393279851127,6.246157253946352,197.96813314891898,2360,30.703368961000024,0.221172085409758,random,target_matched,,15.0,3510.0,59.0,54,,,,7.153321437396329,,OK,1.0,1.0,9.347156188012365,3.6015855456026e-08,active,3
0,0.16932449722115753,0.0,calibration:026d28d148db2ee1,q99,180.20631067073955,19.279265324737796,0.0,0.0,0.0,169.16807285154388,18.09834599487782,62.10054374362473,62.10054374362473,6.643789860563564,6.643789860563564,4.692458114449604,2360,30.703368961000024,1.200286968233325e-16,mean_only,target_matched,,0.0,3536.0,59.0,54,,,,4.6924581144495985,,OK,1.0,1.0,9.347156188012368,3.6015855075941036e-08,active,3
1,2.3129646346357427e-18,-0.01455447375755714,calibration:026d28d148db2ee1,q99,5.460507339380156,0.5841891408339104,0.5119368400742412,0.05476925937034752,0.0,3.03517253886596,0.32471613488648055,4.539258536670776,4.510298076015964,0.4825315660562228,0.4856298837722483,11.867151096597981,2360,30.703368961000024,0.0022362744838894046,decoder_calib_rescaled,target_matched,,1.0,34.0,59.0,54,,,,,,OK_UNMATCHED,1.0,1.0,9.347156188012361,3.601585583611097e-08,active,3
1,-2.023844055306275e-18,-0.010598192009969587,calibration:026d28d148db2ee1,q99,4.057219025008572,0.4340591723595783,0.0,0.0,0.0,1.916072826073154,0.20498991549124818,3.576267767110782,3.576267767110782,0.38260488713080104,0.38260488713080104,9.324859118294208,2360,30.703368961000024,0.001321121558061774,decoder_plain,target_matched,,0.0,25.0,59.0,54,,,,,,OK_UNMATCHED,1.0,1.0,7.344721062403448,0.21422937092924937,active,3
,,,calibration:026d28d148db2ee1,2xq99,,,,,,,,,,,,,2360,,,random,target_matched,,,,,41,,no s >= 0 reaches the target,,,,INFEASIBLE,,,,,inactive,11
,,,calibration:026d28d148db2ee1,q50,,,,,,,,,,,,,2360,,,random,target_matched,,,,,41,,no s >= 0 reaches the target,,,,INFEASIBLE,,,,,inactive,11
,,,calibration:026d28d148db2ee1,q90,,,,,,,,,,,,,2360,,,random,target_matched,,,,,41,,no s >= 0 reaches the target,,,,INFEASIBLE,,,,,inactive,11
,,,calibration:026d28d148db2ee1,q99,,,,,,,,,,,,,2360,,,random,target_matched,,,,,41,,no s >= 0 reaches the target,,,,INFEASIBLE,,,,,inactive,11
1,1.734723475976807e-18,0.0034785925383040706,calibration:026d28d148db2ee1,0.025,0.5680636401681395,0.22385176243690108,0.09231000509286799,0.03637577882027727,0.0,0.037201984529495746,0.014659853604805706,0.5668441687343574,0.5592773682064198,0.22038943475949732,0.22337121622624626,2.5376777045692283,2360,23.82238086999996,5.073119399001696e-05,decoder,equal_norm,,3.0,1.0,41.0,41,,,,,,OK,0.0,0.0,0.0,1.0,inactive,11
1,-8.673617379884035e-18,0.0037391385264191612,calibration:026d28d148db2ee1,0.025,1.3920472269996422,0.5485516113424151,0.0,0.0,0.0,0.43684855325157607,0.17214500568005262,1.3217256991219466,1.3217256991219466,0.5208406352482252,0.5208406352482252,2.5376777045692283,2360,23.82238086999996,4.5269891877534475e-05,encoder_grad,equal_norm,,0.0,13.0,41.0,41,,,,,,OK,0.0,0.0,0.0,1.0,inactive,11
1,-4.625929269271485e-18,0.003430675661396876,calibration:026d28d148db2ee1,0.025,0.0812668450957924,0.032024099442441424,0.0,0.0,0.0,0.0812668450957924,0.032024099442441424,7.479760720570606e-14,7.479760720570606e-14,2.9474824676517705e-14,2.9474824676517705e-14,2.5376777045692283,2360,23.82238086999996,3.9254461014938085e-05,jacobian_ln,equal_norm,,0.0,2.0,41.0,41,,,,,,OK,0.0,0.0,0.0,1.0,inactive,11
1,-2.8912057932946783e-19,0.004354365934884807,calibration:026d28d148db2ee1,0.025,0.7262169179569907,0.28617381134981573,0.046070218032591675,0.018154479134407306,0.0,0.15255744663190418,0.060116949733514356,0.710012138913205,0.7085158942568146,0.27919852711749105,0.2797881388787202,2.5376777045692283,2360,23.82238086999996,5.473097620096382e-05,random,equal_norm,,1.0,1.0,41.0,41,,,,,,OK,0.0,0.0,0.0,1.0,inactive,11
0,0.09157055661559711,-8.881784197001252e-16,calibration:026d28d148db2ee1,0.025,39.18645427470197,15.44185586398152,0.0,0.0,0.0,31.556737826819834,12.435281682879724,23.232530993257424,23.232530993257424,9.155035881492571,9.155035881492571,2.537677704569228,2360,23.82238086999996,-9.794907561426756e-17,mean_only,equal_norm,,0.0,595.0,41.0,41,,,,,,OK,0.0,0.0,0.0,1.0,inactive,11
1,3.469446951953614e-18,0.007236147492037048,calibration:026d28d148db2ee1,0.05,1.083529142872827,0.21348832343153973,0.3661224477646637,0.07213730065136184,0.0,0.15365683620282192,0.03027508817876377,1.0725786591867574,1.008156403235963,0.19863759244441323,0.21133074380548086,5.0753554091384565,2360,23.82238086999996,0.00020842881199701783,decoder,equal_norm,,7.0,2.0,41.0,41,,,,,,OK,0.0,0.0,0.0,1.0,inactive,11
1,-1.734723475976807e-17,0.007984106615187336,calibration:026d28d148db2ee1,0.05,3.0708869339495637,0.605058486233684,0.0,0.0,0.0,1.5628535651891997,0.30792986934953825,2.643451398243887,2.643451398243887,0.520840635248224,0.520840635248224,5.0753554091384565,2360,23.82238086999996,0.0001935942817626007,encoder_grad,equal_norm,,0.0,24.0,41.0,41,,,,,,OK,0.0,0.0,0.0,1.0,inactive,11
1,-9.25185853854297e-18,0.007166465183854331,calibration:026d28d148db2ee1,0.05,0.40977675784617384,0.08073853258975928,0.0,0.0,0.0,0.40977675784617384,0.08073853258975928,7.217619836334075e-14,7.217619836334075e-14,1.4220914759521494e-14,1.4220914759521494e-14,5.0753554091384565,2360,23.82238086999996,0.00016344399166893345,jacobian_ln,equal_norm,,0.0,10.0,41.0,41,,,,,,OK,0.0,0.0,0.0,1.0,inactive,11
1,-5.782411586589357e-19,0.008748143632701044,calibration:026d28d148db2ee1,0.05,1.4689345979937205,0.2894249652803932,0.046070218032591675,0.009077239567203653,0.0,0.3842750298097997,0.07571391354844975,1.4177805029861468,1.4170317885136101,0.2791985271174873,0.2793460467283092,5.0753554091384565,2360,23.82238086999996,0.00021930259621440873,random,equal_norm,,1.0,5.0,41.0,41,,,,,,OK,0.0,0.0,0.0,1.0,inactive,11
0,0.18314111323119422,-6.217248937900877e-15,calibration:026d28d148db2ee1,0.05,202.26766438865312,39.85290551600338,0.0,0.0,0.0,196.85834011245282,38.78710347623391,46.465061986514854,46.465061986514854,9.155035881492573,9.155035881492573,5.075355409138456,2360,23.82238086999996,-6.692760711222419e-17,mean_only,equal_norm,,0.0,6142.0,41.0,41,,,,,,OK,0.0,0.0,0.0,1.0,inactive,11
1,6.938893903907228e-18,0.015359370901164127,calibration:026d28d148db2ee1,0.1,2.07507737603512,0.20442679964559643,0.6207279085401477,0.06115117501595239,0.0,0.46414404891585537,0.0457252744356515,2.0225025138151977,1.9248930572756942,0.18963135153579835,0.199247373109723,10.150710818276913,2360,23.82238086999996,0.0008821489972316649,decoder,equal_norm,,9.0,4.0,41.0,41,,,,,,OK,0.0,0.0,0.0,1.0,inactive,11
1,-3.469446951953614e-17,0.01817055812703572,calibration:026d28d148db2ee1,0.1,7.22422115522345,0.7116960686623324,0.0,0.0,0.0,4.9232133937163605,0.48501167699721365,5.286902796487739,5.286902796487739,0.5208406352482206,0.5208406352482206,10.150710818276913,2360,23.82238086999996,0.0008882840868549145,encoder_grad,equal_norm,,0.0,64.0,41.0,41,,,,,,OK,1.0,0.0,0.6942774514278502,0.9316030722031763,inactive,11
1,-1.850371707708594e-17,0.015721166542475906,calibration:026d28d148db2ee1,0.1,1.651957802662349,0.16274306233008642,0.0,0.0,0.0,1.651957802662349,0.16274306233008642,9.048440464026658e-14,9.048440464026658e-14,8.914095190893637e-15,8.914095190893637e-15,10.150710818276913,2360,23.82238086999996,0.000710205708999446,jacobian_ln,equal_norm,,0.0,22.0,41.0,41,,,,,,OK,1.0,0.0,0.04822843117150111,0.9952487632749598,inactive,11
1,-1.1564823173178713e-18,0.017610839850224824,calibration:026d28d148db2ee1,0.1,3.1250729847854837,0.3078673963277771,0.18030024645854376,0.01776232673754936,0.0,1.346941288603884,0.13269427931691133,2.8198989920368,2.814129020925862,0.27723466902081106,0.2778030992595477,10.150710818276913,2360,23.82238086999996,0.0008807086289552329,random,equal_norm,,2.0,13.0,41.0,41,,,,,,OK,0.0,0.0,0.0,1.0,inactive,11
0,0.36628222646238845,0.0,calibration:026d28d148db2ee1,0.1,1267.3455921771613,124.85288811193972,0.0,0.0,0.0,1263.9338756712066,124.51678195288024,92.93012397302974,92.93012397302974,9.155035881492577,9.155035881492577,10.150710818276911,2360,23.82238086999996,6.493547030252237e-18,mean_only,equal_norm,,0.0,23682.0,41.0,41,,,,,,OK,1.0,0.0,5.7489080696624955,0.43364479237715087,inactive,11
1,1.3877787807814457e-17,0.0322403090484098,calibration:026d28d148db2ee1,0.2,3.7274518095988767,0.1836054532398769,1.7150887372614618,0.08448121157209172,0.0,1.1965362034396072,0.05893854117300909,3.530183863021907,3.0855580905338917,0.15198728800504868,0.1738885011259173,20.301421636553826,2360,23.82238086999996,0.004074567194349923,decoder,equal_norm,,15.0,9.0,41.0,41,,,,,,OK,1.0,0.0,1.5195743962007544,0.9251493620849317,inactive,11
1,-6.938893903907228e-17,0.04706767676661583,calibration:026d28d148db2ee1,0.2,20.52501831462818,1.0110138193361708,0.0,0.0,0.0,17.591788200685663,0.8665298468967718,10.57380559297545,10.57380559297545,0.5208406352482191,0.5208406352482191,20.301421636553826,2360,23.82238086999996,0.004740525602894397,encoder_grad,equal_norm,,0.0,299.0,41.0,41,,,,,,OK,1.0,0.0,15.859386066584282,0.21880418162273935,inactive,11
1,-3.700743415417188e-17,0.03823443684515482,calibration:026d28d148db2ee1,0.2,5.465660028494193,0.2692254757532995,0.0,0.0,0.0,5.465660028494193,0.2692254757532995,7.680316590417071e-14,7.680316590417071e-14,3.7831421588815205e-15,3.7831421588815205e-15,20.301421636553826,2360,23.82238086999996,0.003400807350810383,jacobian_ln,equal_norm,,0.0,63.0,41.0,41,,,,,,OK,1.0,0.0,14.567288026071619,0.28244987269452115,inactive,11
1,-2.3129646346357427e-18,0.03534425637742089,calibration:026d28d148db2ee1,0.2,7.312347317037816,0.3601889204669842,0.6431980623534097,0.031682414097827585,0.0,4.748835587203436,0.23391640050310217,5.5604841381574275,5.523158525996259,0.27205771564096015,0.2738962869460697,20.301421636553826,2360,23.82238086999996,0.003546747472014987,random,equal_norm,,4.0,31.0,41.0,41,,,,,,OK,0.0,0.0,0.0,1.0,inactive,11
0,0.7325644529247769,-8.881784197001252e-16,calibration:026d28d148db2ee1,0.2,4263.124443076225,209.9914192246098,0.0,0.0,0.0,4259.071023754758,209.79175738330238,185.86024794605942,185.86024794605942,9.155035881492573,9.155035881492573,20.301421636553822,2360,23.82238086999996,3.948613804898841e-18,mean_only,equal_norm,,0.0,24533.0,41.0,41,,,,,,OK,1.0,0.0,25.968647303053622,0.27915409820328857,inactive,11
1,1.5034270125132327e-17,0.08474747259136528,calibration:026d28d148db2ee1,2xq99,8.128817865770884,0.43482838039176464,2.0452323424565177,0.10940398489428878,0.0,4.997184132118667,0.2673103910764669,6.41138289642549,6.076417967021947,0.32504098711688917,0.34295899932305535,42.10647191617173,2360,23.82238086999996,0.03910871320495205,decoder,target_matched,,18.0,37.0,41.0,41,,,,42.20715450322111,,OK,1.0,0.0,18.694312376024783,3.601585260538875e-08,inactive,11
1,-6.245004513516506e-17,0.05413733243376395,calibration:026d28d148db2ee1,2xq99,24.28079163818268,1.2988330501435865,0.0,0.0,0.0,21.351208275572027,1.1421231804157026,11.56212557231526,11.56212557231526,0.6184835752891199,0.6184835752891199,22.19896934877365,2360,23.82238086999996,0.0059998949524854165,encoder_grad,target_matched,,0.0,384.0,41.0,41,,,,14.858800160388395,,OK,1.0,0.0,18.69431237602478,3.601585279543123e-08,inactive,11
,-3.700743415417188e-17,0.04617661828373576,calibration:026d28d148db2ee1,2xq99,6.999693673578023,0.3744290392009874,0.0,0.0,0.0,6.999693673578023,0.3744290392009874,7.685516632638852e-14,7.685516632638852e-14,4.111152205681015e-15,4.111152205681015e-15,23.186748364675836,2360,23.82238086999996,0.004692049902670691,jacobian_ln,target_matched,42,0.0,90.0,41.0,41,42,,9.400344997361191e-16,,0.01382098799990672,OK,1.0,0.0,18.69431237602479,3.601585222530378e-08,inactive,11
0,0.600789282021231,-4.440892098500626e-15,calibration:026d28d148db2ee1,2xq99,3164.3962100222925,169.27052637208322,0.0,0.0,0.0,3160.7229050532696,169.07403319475532,152.42733178491682,152.42733178491682,8.153673867705486,8.153673867705486,16.649560977657575,2360,23.82238086999996,-1.8216885280210493e-16,mean_only,target_matched,,0.0,24532.0,41.0,41,,,,16.649560977657586,,OK,1.0,0.0,18.694312376024754,3.601585412572862e-08,inactive,11
1,4.625929269271485e-18,0.03781457520796927,calibration:026d28d148db2ee1,2xq99,4.250730368917232,0.22738093438917073,1.9794812201878595,0.10588681247424832,0.0,1.4987244969610185,0.08017007594808745,3.9777548380266183,3.4502445783404623,0.18456118549200326,0.2127788717099756,23.734302193195962,2360,23.82238086999996,0.005967720345953873,decoder_calib_rescaled,target_matched,,17.0,12.0,41.0,41,,,,,,OK_UNMATCHED,1.0,0.0,4.223481212296144,0.77407668304503,inactive,11
1,-4.04768811061255e-18,0.029535672107070532,calibration:026d28d148db2ee1,2xq99,3.4803868883895546,0.18617356407845229,1.7150887372614618,0.09174387594435718,0.0,1.0663296651786869,0.057040323566084676,3.3130098004735564,2.834520164216991,0.15162472976350638,0.17722019481184964,18.649718236588416,2360,23.82238086999996,0.003342240506684466,decoder_plain,target_matched,,15.0,7.0,41.0,41,,,,,,OK_UNMATCHED,1.0,0.0,0.21861096107827116,0.988306017958426,inactive,11
1,6.3606527452482924e-18,0.03313907272033667,calibration:026d28d148db2ee1,q50,3.810342950590328,1.9496718098860328,1.811260911072024,0.9267838576363608,0.0,1.242030745844847,0.6355208346299265,3.6022316732116915,3.1137448417479625,1.5932373069446455,1.8431856756755574,20.85341398336118,2360,23.82238086999996,0.00434292922370423,decoder,target_matched,,16.0,10.0,41.0,41,,,,20.90327747401023,,OK,1.0,0.0,1.954350918231813,1.5402518774217728e-08,inactive,11
1,-3.700743415417188e-17,0.02010349367428077,calibration:026d28d148db2ee1,q50,8.035361591904502,4.111524390619489,0.0,0.0,0.0,5.637175526216526,2.884423358569619,5.726193150713611,5.726193150713611,2.9299717922186415,2.9299717922186415,10.994136453786536,2360,23.82238086999996,0.0010664800848413833,encoder_grad,target_matched,,0.0,71.0,41.0,41,,,,7.358885628259127,,OK,1.0,0.0,1.9543509182318193,1.5402515592983087e-08,inactive,11
,-2.6599093298311043e-17,0.018238172527730967,calibration:026d28d148db2ee1,q50,2.0467721854109957,1.047289990140232,0.0,0.0,0.0,2.0467721854109957,1.047289990140232,8.214255217898621e-14,8.214255217898621e-14,4.2030604712536464e-14,4.2030604712536464e-14,11.483338322413628,2360,23.82238086999996,0.0009294962216563142,jacobian_ln,target_matched,42,0.0,24.0,41.0,41,42,,9.930412873451159e-16,,0.014164980000032301,OK,1.0,0.0,1.954350918231814,1.5402518319755637e-08,inactive,11
0,0.2975435139685326,-1.3322676295501878e-15,calibration:026d28d148db2ee1,q50,774.6256305254711,396.35953367838516,0.0,0.0,0.0,770.9384423382816,394.47287755332576,75.49030131088257,75.49030131088257,38.62678879412361,38.62678879412361,8.245767738497266,2360,23.82238086999996,-7.145487575703539e-17,mean_only,target_matched,,0.0,20212.0,41.0,41,,,,8.245767738497252,,OK,1.0,0.0,1.954350918231821,1.5402514684058904e-08,inactive,11
1,7.950815931560366e-19,0.003398016704840412,calibration:026d28d148db2ee1,q50,0.5557239806312815,0.28435219432061887,0.09231000509286799,0.0472330750889806,0.0,0.03569291060067048,0.018263306613943566,0.5545765580887182,0.5468400330455737,0.2798064664444244,0.2837650825004304,2.481244260385416,2360,23.82238086999996,4.847147398065636e-05,decoder_calib_rescaled,target_matched,,3.0,1.0,41.0,41,,,,,,OK_UNMATCHED,0.0,0.0,0.0,1.0,inactive,11
1,-1.4456028966473392e-19,0.002645952328218293,calibration:026d28d148db2ee1,q50,0.4386645633128715,0.22445536902513463,0.0637843907070998,0.0326371221921435,0.0,0.02147871019163361,0.010990201227648565,0.4381384074866937,0.4334706629255319,0.2217977601694847,0.22418614622938937,1.94968893358095,2360,23.82238086999996,2.9763440778609487e-05,decoder_plain,target_matched,,2.0,1.0,41.0,41,,,,,,OK_UNMATCHED,0.0,0.0,0.0,1.0,inactive,11
1,5.782411586589357e-18,0.040443874368153665,calibration:026d28d148db2ee1,q90,4.496976553408209,0.819341557894956,1.9794812201878595,0.3606581460922519,0.0,1.653674805225208,0.3012967657431919,4.18188447478724,3.683722554616475,0.6711680483334449,0.7619323115910138,25.340401911221264,2360,23.82238086999996,0.007066767754021812,decoder,target_matched,,17.0,12.0,41.0,41,,,,25.400994430736375,,OK,1.0,0.0,5.488524927986985,2.587059987445782e-09,inactive,11
1,-4.163336342344337e-17,0.02592843161848002,calibration:026d28d148db2ee1,q90,10.49003544144678,1.9112667986792837,0.0,0.0,0.0,7.850037450101886,1.430263608785238,6.958286829012398,6.958286829012398,1.267788146780993,1.267788146780993,13.359723095127242,2360,23.82238086999996,0.00168164768077165,encoder_grad,target_matched,,0.0,110.0,41.0,41,,,,8.942282524462678,,OK,1.0,0.0,5.488524927987,2.587062738464202e-09,inactive,11
,-2.544261098099317e-17,0.023235302984173423,calibration:026d28d148db2ee1,q90,2.8446516087963456,0.5182907344831823,0.0,0.0,0.0,2.8446516087963456,0.5182907344831823,7.234898747194197e-14,7.234898747194197e-14,1.3181863726297847e-14,1.3181863726297847e-14,13.954185564276044,2360,23.82238086999996,0.0014319017508505883,jacobian_ln,target_matched,42,0.0,34.0,41.0,41,42,,1.8418284818528344e-15,,0.01495457499981967,OK,1.0,0.0,5.488524927987011,2.5870646803595573e-09,inactive,11
0,0.36156536459956706,-5.329070518200751e-15,calibration:026d28d148db2ee1,q90,1231.6251674043365,224.40003220361527,0.0,0.0,0.0,1228.204191584706,223.77673616809278,91.73340044672271,91.73340044672271,16.713671138902413,16.713671138902413,10.019993307897828,2360,23.82238086999996,1.1519644520039827e-17,mean_only,target_matched,,0.0,23576.0,41.0,41,,,,10.019993307897847,,OK,1.0,0.0,5.488524927986985,2.587059987445782e-09,inactive,11
1,3.758567531283082e-18,0.010188163954605756,calibration:026d28d148db2ee1,q90,1.4564648740657262,0.26536544826587366,0.3661224477646637,0.06670689365824314,0.0,0.26714235262344127,0.048672886944968984,1.4317558775231567,1.3841528983695826,0.25219032802282126,0.260863510690534,6.968232188245508,2360,23.82238086999996,0.0004010286614720566,decoder_calib_rescaled,target_matched,,7.0,3.0,41.0,41,,,,,,OK_UNMATCHED,0.0,0.0,0.0,1.0,inactive,11
1,1.1564823173178713e-18,0.007850523506040652,calibration:026d28d148db2ee1,q90,1.1612093647146395,0.21157039149035117,0.3661224477646637,0.06670689365824314,0.0,0.17728404306533785,0.03230085420947599,1.1475964259160902,1.0876267328537836,0.1981637598330898,0.2090901369570517,5.475432387271099,2360,23.82238086999996,0.00024362680645139271,decoder_plain,target_matched,,7.0,2.0,41.0,41,,,,,,OK_UNMATCHED,0.0,0.0,0.0,1.0,inactive,11
1,-1.0408340855860843e-17,0.0490432405851724,calibration:026d28d148db2ee1,q99,5.322834564079394,0.5694603005777774,2.0452323424565177,0.21880796978857756,0.0,2.259716259656763,0.24175440452885683,4.819362014043054,4.363860090306625,0.46686498496035383,0.5155965882596882,30.23932081957374,2360,23.82238086999996,0.011633664592737725,decoder,target_matched,,18.0,19.0,41.0,41,,,,30.311627353751962,,OK,1.0,0.0,9.347156188012377,3.601585412572862e-08,inactive,11
1,-4.85722573273506e-17,0.03302780567556951,calibration:026d28d148db2ee1,q99,13.64617660636352,1.459928115075886,0.0,0.0,0.0,10.82913331004022,1.1585484079005737,8.303493705991492,8.303493705991492,0.8883443520055021,0.8883443520055021,15.942484028058233,2360,23.82238086999996,0.0025756695139297473,encoder_grad,target_matched,,0.0,156.0,41.0,41,,,,10.671044250357847,,OK,1.0,0.0,9.34715618801241,3.601585070496391e-08,inactive,11
,-3.23815048849004e-17,0.029213408721918466,calibration:026d28d148db2ee1,q99,3.877606594547175,0.4148434429569978,0.0,0.0,0.0,3.877606594547175,0.4148434429569978,7.845440561975315e-14,7.845440561975315e-14,8.393398079168465e-15,8.393398079168465e-15,16.65187061879839,2360,23.82238086999996,0.002138707024814985,jacobian_ln,target_matched,42,0.0,41.0,41.0,41,42,,1.0125098681381784e-15,,0.014216803999943295,OK,1.0,0.0,9.347156188012404,3.6015851275091365e-08,inactive,11
0,0.43146478480007366,-2.6645352591003757e-15,calibration:026d28d148db2ee1,q99,1777.3318968845101,190.14679942459844,0.0,0.0,0.0,1773.9575791182035,189.78580003859213,109.46770835353293,109.46770835353293,11.711337888132329,11.711337888132329,11.957102863208,2360,23.82238086999996,-1.189279624910787e-16,mean_only,target_matched,,0.0,24403.0,41.0,41,,,,11.957102863207986,,OK,1.0,0.0,9.347156188012393,3.601585241534627e-08,inactive,11
1,2.3129646346357427e-18,0.018216661010900026,calibration:026d28d148db2ee1,q99,2.3932794092956837,0.25604357891965424,0.986128199367546,0.10550034085404446,0.0,0.5760884551585123,0.06163248188245976,2.3229094736540588,2.103202224514775,0.22500984325729823,0.24851509306879832,11.867151096597981,2360,23.82238086999996,0.001230676587621177,decoder_calib_rescaled,target_matched,,10.0,4.0,41.0,41,,,,,,OK_UNMATCHED,0.0,0.0,0.0,1.0,inactive,11
1,-2.023844055306275e-18,0.01399811204508783,calibration:026d28d148db2ee1,q99,1.9189665412715597,0.20529949789641835,0.6207279085401477,0.0664082073411995,0.0,0.4126683967713319,0.044149083807754244,1.87406973745,1.7682856795171094,0.18917899522194748,0.20049623995341503,9.324859118294208,2360,23.82238086999996,0.0007373682910389235,decoder_plain,target_matched,,9.0,3.0,41.0,41,,,,,,OK_UNMATCHED,0.0,0.0,0.0,1.0,inactive,11
,,,calibration:026d28d148db2ee1,2xq99,,,,,,,,,,,,,8852,,,random,target_matched,,,,,103,,no s >= 0 reaches the target,,,,INFEASIBLE,,,,,inactive,10
,,,calibration:026d28d148db2ee1,q50,,,,,,,,,,,,,8852,,,random,target_matched,,,,,103,,no s >= 0 reaches the target,,,,INFEASIBLE,,,,,inactive,10
,,,calibration:026d28d148db2ee1,q90,,,,,,,,,,,,,8852,,,random,target_matched,,,,,103,,no s >= 0 reaches the target,,,,INFEASIBLE,,,,,inactive,10
,,,calibration:026d28d148db2ee1,q99,,,,,,,,,,,,,8852,,,random,target_matched,,,,,103,,no s >= 0 reaches the target,,,,INFEASIBLE,,,,,inactive,10
1,-5.782411586589357e-19,-0.00021425747887526825,calibration:026d28d148db2ee1,0.025,0.5898358072478443,0.23243132576086253,0.09199908250885538,0.036253256336014665,0.0,0.0,0.0,0.5898358072478443,0.5826168967076435,0.22958663419281924,0.23243132576086253,2.537677704569228,8852,22.988809431999925,5.610775845405256e-05,decoder,equal_norm,,2.0,0.0,65.0,103,,,,,,OK,0.0,0.0,0.0,1.0,inactive,10
1,-7.517135062566164e-18,-0.000728250517586293,calibration:026d28d148db2ee1,0.025,1.7602454873607984,0.6936442095654769,0.0,0.0,0.0,0.5672772980500808,0.22354189562522886,1.6663314924981327,1.6663314924981327,0.6566363608299456,0.6566363608299456,2.5376777045692287,8852,22.988809431999925,8.351936873246779e-05,encoder_grad,equal_norm,,0.0,14.0,65.0,103,,,,,,OK,0.0,0.0,0.0,1.0,inactive,10
1,-9.25185853854297e-18,0.0006005136870852468,calibration:026d28d148db2ee1,0.025,0.1081951556620583,0.04263549815460446,0.0,0.0,0.0,0.1081951556620583,0.04263549815460446,6.557204955193115e-14,6.557204955193115e-14,2.583939161192393e-14,2.583939161192393e-14,2.5376777045692283,8852,22.988809431999925,5.261382457379368e-05,jacobian_ln,equal_norm,,0.0,4.0,65.0,103,,,,,,OK,0.0,0.0,0.0,1.0,inactive,10
1,-2.8912057932946783e-19,-0.0020151743943972455,calibration:026d28d148db2ee1,0.025,0.8833398108344896,0.3480898256882832,0.091961138936338,0.03623830425145834,0.0,0.06122195319129199,0.024125188011758288,0.881215690879682,0.8764041549297258,0.3453567537432495,0.3472527927189308,2.5376777045692287,8852,22.988809431999925,5.150038719855751e-05,random,equal_norm,,1.0,2.0,65.0,103,,,,,,OK,0.0,0.0,0.0,1.0,inactive,10
0,0.09157055661559711,3.9968028886505635e-15,calibration:026d28d148db2ee1,0.025,46.64771193851121,18.382046997399545,0.0,0.0,0.0,38.80257864460713,15.290585424761238,25.89148353469533,25.89148353469533,10.202825548968521,10.202825548968521,2.537677704569228,8852,22.988809431999925,1.6762650269761647e-16,mean_only,equal_norm,,0.0,501.0,65.0,103,,,,,,OK,0.0,0.0,0.0,1.0,inactive,10
1,-1.1564823173178713e-18,-0.00022509667393011412,calibration:026d28d148db2ee1,0.05,1.1689387716044923,0.23031662801639718,0.1563266794014957,0.030801128804490496,0.0,0.016777783945762074,0.0033057356962089097,1.1688183595948896,1.158317023544673,0.22822381934565783,0.23029290317408888,5.075355409138456,8852,22.988809431999925,0.00022232600806645805,decoder,equal_norm,,3.0,2.0,65.0,103,,,,,,OK,0.0,0.0,0.0,1.0,inactive,10
1,-1.5034270125132327e-17,-0.0012086528804426955,calibration:026d28d148db2ee1,0.05,3.618432112876981,0.7129416041185497,0.0,0.0,0.0,1.4094000084912173,0.2776948334397528,3.332662984996282,3.332662984996282,0.6566363608299488,0.6566363608299488,5.075355409138457,8852,22.988809431999925,0.00033141865517287796,encoder_grad,equal_norm,,0.0,22.0,65.0,103,,,,,,OK,0.0,0.0,0.0,1.0,inactive,10
1,-1.850371707708594e-17,0.0013451856061652556,calibration:026d28d148db2ee1,0.05,0.38616461843635674,0.07608622020075574,0.0,0.0,0.0,0.38616461843635674,0.07608622020075574,8.691196378919986e-14,8.691196378919986e-14,1.712431046044944e-14,1.712431046044944e-14,5.0753554091384565,8852,22.988809431999925,0.00021032490708894122,jacobian_ln,equal_norm,,0.0,5.0,65.0,103,,,,,,OK,0.0,0.0,0.0,1.0,inactive,10
1,-5.782411586589357e-19,-0.004032074177795497,calibration:026d28d148db2ee1,0.05,1.8031621113982266,0.35527799004743926,0.091961138936338,0.01811915212572917,0.0,0.413037259572667,0.08138095097943832,1.7552190239929637,1.7528083098594505,0.34535675374324926,0.345831738031417,5.075355409138457,8852,22.988809431999925,0.0002068633912232514,random,equal_norm,,1.0,3.0,65.0,103,,,,,,OK,0.0,0.0,0.0,1.0,inactive,10
0,0.18314111323119422,4.884981308350689e-15,calibration:026d28d148db2ee1,0.05,175.83215878236436,34.64430378334648,0.0,0.0,0.0,168.03414052970604,33.10785609866804,51.78296706939066,51.78296706939066,10.202825548968521,10.202825548968521,5.075355409138456,8852,22.988809431999925,1.5178743301840854e-16,mean_only,equal_norm,,0.0,3305.0,65.0,103,,,,,,OK,0.0,0.0,0.0,1.0,inactive,10
1,-2.3129646346357427e-18,0.00036443421992116143,calibration:026d28d148db2ee1,0.1,2.2985629023633347,0.2264435357162688,0.681065588731491,0.06709535762909609,0.0,0.2990011859278505,0.02945618136238305,2.279032625245785,2.17488835823371,0.21425970510540518,0.22451950527121575,10.150710818276911,8852,22.988809431999925,0.0008679876797180466,decoder,equal_norm,,5.0,3.0,65.0,103,,,,,,OK,0.0,0.0,0.0,1.0,inactive,10
1,-3.0068540250264654e-17,-0.0014494301481851046,calibration:026d28d148db2ee1,0.1,7.784512346682662,0.7668933044196202,0.0,0.0,0.0,4.021450259470744,0.3961742419689144,6.665325969992576,6.665325969992576,0.65663636082995,0.65663636082995,10.150710818276915,8852,22.988809431999925,0.0013026944550477483,encoder_grad,equal_norm,,0.0,48.0,65.0,103,,,,,,OK,0.0,0.0,0.0,1.0,inactive,10
1,-3.700743415417188e-17,0.0032552244704757705,calibration:026d28d148db2ee1,0.1,1.0470043761378172,0.10314591460572395,0.0,0.0,0.0,1.0470043761378172,0.10314591460572395,7.289341964319462e-14,7.289341964319462e-14,7.18111462491774e-15,7.18111462491774e-15,10.150710818276913,8852,22.988809431999925,0.0008393538013758375,jacobian_ln,equal_norm,,0.0,9.0,65.0,103,,,,,,OK,0.0,0.0,0.0,1.0,inactive,10
1,-1.1564823173178713e-18,-0.008163529856907825,calibration:026d28d148db2ee1,0.1,3.726368965216937,0.3671042297774435,0.9912675042557976,0.09765498184693266,0.0,1.3195772218109372,0.12999850099829321,3.484901952797191,3.3409475236250206,0.3291343339415717,0.343316042821606,10.150710818276915,8852,22.988809431999925,0.0008249248116971445,random,equal_norm,,2.0,9.0,65.0,103,,,,,,OK,0.0,0.0,0.0,1.0,inactive,10
0,0.36628222646238845,3.9968028886505635e-15,calibration:026d28d148db2ee1,0.1,934.5150635068172,92.06400005108371,0.0,0.0,0.0,928.758580690974,91.49689861532607,103.56593413878134,103.56593413878134,10.202825548968525,10.202825548968525,10.150710818276911,8852,22.988809431999925,-2.812578856258174e-17,mean_only,equal_norm,,0.0,19280.0,65.0,103,,,,,,OK,0.0,0.0,0.0,1.0,inactive,10
1,-4.625929269271485e-18,0.0038377617762272997,calibration:026d28d148db2ee1,0.2,4.2697185022178585,0.2103162269697488,1.848549348418233,0.09105516537560096,0.0,1.0834851444043831,0.05336991359747403,4.129958356937334,3.693158720729324,0.1819162568541114,0.20343197302633884,20.301421636553822,8852,22.988809431999925,0.0032504645335393626,decoder,equal_norm,,10.0,9.0,65.0,103,,,,,,OK,0.0,0.0,0.0,1.0,inactive,10
1,-6.013708050052931e-17,0.00043140763646620783,calibration:026d28d148db2ee1,0.2,19.03657710207693,0.9376967283552431,0.0,0.0,0.0,13.58988545272877,0.6694055900604091,13.330651939985176,13.330651939985176,0.6566363608299511,0.6566363608299511,20.30142163655383,8852,22.988809431999925,0.005007804048571088,encoder_grad,equal_norm,,0.0,150.0,65.0,103,,,,,,OK,1.0,0.0,13.198531769483989,0.3498715660396951,inactive,10
1,-7.401486830834377e-17,0.00850377812461467,calibration:026d28d148db2ee1,0.2,3.5216421732348824,0.17346775770523984,0.0,0.0,0.0,3.5216421732348824,0.17346775770523984,5.844957499523916e-14,5.844957499523916e-14,2.879087713768171e-15,2.879087713768171e-15,20.301421636553826,8852,22.988809431999925,0.003333377861725963,jacobian_ln,equal_norm,,0.0,27.0,65.0,103,,,,,,OK,1.0,0.0,11.137710434568763,0.4513827470210628,inactive,10
1,-2.3129646346357427e-18,-0.017448157801890574,calibration:026d28d148db2ee1,0.2,7.9031175138100185,0.3892888620033562,1.6870108611706647,0.08309816185636147,0.0,4.20575007137953,0.2071652934803152,6.691108486206282,6.474946110082612,0.3189405191460893,0.32958816613629044,20.30142163655383,8852,22.988809431999925,0.00314631374500615,random,equal_norm,,9.0,26.0,65.0,103,,,,,,OK,0.0,0.0,0.0,1.0,inactive,10
0,0.7325644529247769,2.220446049250313e-15,calibration:026d28d148db2ee1,0.2,3728.74749072053,183.6692754250445,0.0,0.0,0.0,3722.9899595215797,183.38567306629537,207.13186827756266,207.13186827756266,10.202825548968523,10.202825548968523,20.301421636553822,8852,22.988809431999925,1.4432831477764987e-16,mean_only,equal_norm,,0.0,24509.0,65.0,103,,,,,,OK,1.0,0.0,15.87773046589454,0.21790057993402007,inactive,10
1,1.850371707708594e-17,0.11708965887598088,calibration:026d28d148db2ee1,2xq99,48.62578074407826,0.5361367882935816,6.047182827242749,0.06667486114589243,0.0,45.79284258553665,0.5049014571068468,16.354880644854425,15.195844851844674,0.16754592583621852,0.1803251906227737,118.4795342890539,8852,22.988809431999925,0.07296256197034798,decoder,target_matched,,28.0,303.0,65.0,103,,,,118.53047558830369,,OK,1.0,0.0,90.69659316584324,1.1824457350394381e-08,inactive,10
1,-2.220446049250313e-16,0.031161997628715188,calibration:026d28d148db2ee1,2xq99,198.7507334312792,2.1913803390358226,0.091961138936338,0.0010139425819533476,0.0,194.08063319252892,2.1398888770027407,42.83178561604039,42.83168689425354,0.47225242859422745,0.4722535170781742,65.22992491119855,8852,22.988809431999925,0.050360072697629876,encoder_grad,target_matched,,1.0,3111.0,65.0,103,,,,37.8162091047518,,OK,1.0,0.0,90.69659316584321,1.1824457663765678e-08,inactive,10
,-2.590520390792032e-16,0.043013162746638134,calibration:026d28d148db2ee1,2xq99,60.54367960188975,0.6675408278598344,0.0,0.0,0.0,60.54367960188975,0.6675408278598344,1.6345678531647116e-13,1.6345678531647116e-13,1.802237302175116e-15,1.802237302175116e-15,69.3087299139851,8852,22.988809431999925,0.03789115479745354,jacobian_ln,target_matched,66,0.0,573.0,65.0,103,66,,2.5076497179983275e-15,,0.022220529999913197,OK,1.0,0.0,90.69659316584321,1.1824457663765678e-08,inactive,10
0,2.1864966313718663,5.329070518200751e-15,calibration:026d28d148db2ee1,2xq99,15927.093049307221,175.60850198479346,0.0,0.0,0.0,15915.08985171703,175.4761574608232,618.2297413292001,618.2297413292001,6.8164603811358715,6.8164603811358715,60.593972097828264,8852,22.988809431999925,5.906546061150966e-17,mean_only,target_matched,,0.0,24510.0,65.0,103,,,,60.59397209782831,,OK,1.0,0.0,90.69659316584318,1.1824457977136977e-08,inactive,10
1,0.0,0.08529738011164456,calibration:026d28d148db2ee1,2xq99,30.156500455879776,0.3324987085694924,5.886131630120244,0.06489914731148552,0.0,26.890035805591786,0.29648341298180775,13.650659109342255,12.316409726554514,0.13579792967965715,0.15050905961781508,95.50333685409436,8852,22.988809431999925,0.050410661946155816,decoder_calib_rescaled,target_matched,,27.0,165.0,65.0,103,,,,,,OK_UNMATCHED,1.0,0.0,68.87680236167222,0.2405800577173087,inactive,10
1,-1.850371707708594e-17,0.07865864486022822,calibration:026d28d148db2ee1,2xq99,27.18614874762012,0.29974828686726346,5.886131630120244,0.06489914731148552,0.0,23.827488256339848,0.26271646092618917,13.089594612581159,11.691490134050992,0.12890770852249095,0.1443228902089942,90.65761414149975,8852,22.988809431999925,0.04599802945383023,decoder_plain,target_matched,,27.0,145.0,65.0,103,,,,,,OK_UNMATCHED,1.0,0.0,64.2749679552984,0.2913188362240708,inactive,10
1,-4.625929269271485e-18,0.00621638100568811,calibration:026d28d148db2ee1,q50,5.10795299751385,3.029426357891003,2.155595422321383,1.278441205803574,0.0,1.6329906458649557,0.9684946018846634,4.839888983781372,4.333351330159532,2.57002535927343,2.8704428689672636,24.751670387787506,8852,22.988809431999925,0.004670901111998832,decoder,target_matched,,13.0,12.0,65.0,103,,,,24.762312582287358,,OK,1.0,0.0,1.6861122698321096,8.794331130900158e-09,inactive,10
1,-4.163336342344337e-17,-0.0011119743048628727,calibration:026d28d148db2ee1,q50,11.098744257932871,6.582446708268109,0.0,0.0,0.0,6.566036334838142,3.8941868786400806,8.948144553625806,8.948144553625806,5.306968364463565,5.306968364463565,13.627244658837935,8852,22.988809431999925,0.002317595898404255,encoder_grad,target_matched,,0.0,78.0,65.0,103,,,,7.900219634497177,,OK,1.0,0.0,1.686112269832095,8.794339822458873e-09,inactive,10
,-6.013708050052931e-17,0.005289723415124126,calibration:026d28d148db2ee1,q50,1.9142092265078832,1.135279805457021,0.0,0.0,0.0,1.9142092265078832,1.135279805457021,9.396449185641576e-14,9.396449185641576e-14,5.572849015529505e-14,5.572849015529505e-14,14.479351629133129,8852,22.988809431999925,0.0017030777175261638,jacobian_ln,target_matched,66,0.0,16.0,65.0,103,66,,1.4517379894826212e-15,,0.023056794000012815,OK,1.0,0.0,1.6861122698321003,8.794336661892068e-09,inactive,10
0,0.4567830574999494,3.1086244689504383e-15,calibration:026d28d148db2ee1,q50,1545.4343385046932,916.5666797902577,0.0,0.0,0.0,1540.028016800255,913.3602968265471,129.1549538334169,129.1549538334169,76.59926032709895,76.59926032709895,12.658743418025093,8852,22.988809431999925,1.4186148423735144e-16,mean_only,target_matched,,0.0,23237.0,65.0,103,,,,12.658743418025091,,OK,1.0,0.0,1.686112269832094,8.794340349220008e-09,inactive,10
1,0.0,-0.0001711255349574614,calibration:026d28d148db2ee1,q50,0.4178778111291245,0.2478351026386741,0.09199908250885538,0.054562844566065326,0.0,0.0,0.0,0.4178778111291245,0.40762486902984346,0.24175428453862305,0.2478351026386741,1.7754729528279614,8852,22.988809431999925,2.753222991172366e-05,decoder_calib_rescaled,target_matched,,2.0,0.0,65.0,103,,,,,,OK_UNMATCHED,0.0,0.0,0.0,1.0,inactive,10
1,-5.782411586589357e-19,-0.00016481755647079765,calibration:026d28d148db2ee1,q50,0.39772894622144295,0.23588520755102846,0.09199908250885538,0.054562844566065326,0.0,0.0,0.0,0.39772894622144295,0.38694248084172445,0.2294879672973099,0.23588520755102846,1.6853876228644666,8852,22.988809431999925,2.481608770759471e-05,decoder_plain,target_matched,,2.0,0.0,65.0,103,,,,,,OK_UNMATCHED,0.0,0.0,0.0,1.0,inactive,10
1,-2.312964634635743e-17,0.010626920864418299,calibration:026d28d148db2ee1,q90,6.495012018027845,0.8097974198798672,2.245304719108404,0.27994435781354704,0.0,2.704477023120344,0.33719391270845367,5.905165971057905,5.461647358086183,0.6809576220329825,0.7362554763643212,31.42180932911718,8852,22.988809431999925,0.0071408210769451546,decoder,target_matched,,15.0,13.0,65.0,103,,,,31.435319407474683,,OK,1.0,0.0,8.020538875738616,5.0871121125122345e-08,inactive,10
1,-5.551115123125783e-17,-0.0003869844724531113,calibration:026d28d148db2ee1,q90,15.191278410701983,1.894047005227644,0.0,0.0,0.0,10.086447900909091,1.2575772705635457,11.359511807014718,11.359511807014718,1.4163027453809969,1.4163027453809969,17.29954692522517,8852,22.988809431999925,0.003681347716631471,encoder_grad,target_matched,,0.0,119.0,65.0,103,,,,10.029189591010377,,OK,1.0,0.0,8.020538875738604,5.087112267545424e-08,inactive,10
,-6.47630097698008e-17,0.007392320859694657,calibration:026d28d148db2ee1,q90,2.9386901367666987,0.3663955792498557,0.0,0.0,0.0,2.9386901367666987,0.3663955792498557,7.478567437568931e-14,7.478567437568931e-14,9.32427006837133e-15,9.32427006837133e-15,18.38128170631849,8852,22.988809431999925,0.0027367000102801026,jacobian_ln,target_matched,66,0.0,22.0,65.0,103,66,,1.4549333235024536e-15,,0.025461876999997912,OK,1.0,0.0,8.020538875738607,5.087112223250227e-08,inactive,10
0,0.5798780410641031,4.884981308350689e-15,calibration:026d28d148db2ee1,q90,2489.7965104623527,310.4275688177281,0.0,0.0,0.0,2484.392038781246,309.7537398531278,163.95993763988227,163.95993763988227,20.44250789619884,20.44250789619884,16.070051669064597,8852,22.988809431999925,6.302159736798338e-17,mean_only,target_matched,,0.0,24429.0,65.0,103,,,,16.07005166906461,,OK,1.0,0.0,8.020538875738605,5.087112245397826e-08,inactive,10
1,-1.1564823173178713e-18,7.63924463877963e-05,calibration:026d28d148db2ee1,q90,1.938767677369469,0.24172535147317536,0.6039608187493015,0.07530177178643978,0.0,0.1946128236408248,0.024264306520517958,1.928975364199126,1.8319872502566235,0.22841197897599735,0.24050444689009082,8.445611894157649,8852,22.988809431999925,0.000606249134064873,decoder_calib_rescaled,target_matched,,4.0,3.0,65.0,103,,,,,,OK_UNMATCHED,0.0,0.0,0.0,1.0,inactive,10
1,-1.1564823173178713e-18,1.820113233730325e-05,calibration:026d28d148db2ee1,q90,1.8441406631037798,0.2299272652201251,0.1563266794014957,0.019490794056476166,0.0,0.1692520455443381,0.021102327356864816,1.8363574081294485,1.8296913673347228,0.22812572853314353,0.22895684980303485,8.017091857838894,8852,22.988809431999925,0.0005474497343190214,decoder_plain,target_matched,,3.0,3.0,65.0,103,,,,,,OK_UNMATCHED,0.0,0.0,0.0,1.0,inactive,10
1,0.0,0.052096532239418014,calibration:026d28d148db2ee1,q99,17.553247685732412,0.38707622558827093,5.473811005160177,0.12070598793994822,0.0,13.816279022212939,0.3046702941438866,10.827138970985317,9.341537955648219,0.20599534159145613,0.23875513875504256,70.72786586200671,8852,22.988809431999925,0.029452804155633894,decoder,target_matched,,25.0,68.0,65.0,103,,,,70.75827591891482,,OK,1.0,0.0,45.348296582921634,1.1824457037023083e-08,inactive,10
1,-1.1102230246251565e-16,0.008220312486089565,calibration:026d28d148db2ee1,q99,59.0983289314335,1.3032094408345325,0.091961138936338,0.002027885163906695,0.0,53.28071250313433,1.1749220122456503,25.5690859759643,25.5689206028565,0.563834195045537,0.5638378417780122,38.93983384550036,8852,22.988809431999925,0.017320671090500474,encoder_grad,target_matched,,1.0,695.0,65.0,103,,,,22.574867305311386,,OK,1.0,0.0,45.34829658292158,1.1824458290508274e-08,inactive,10
,-1.6653345369377348e-16,0.022229281399364087,calibration:026d28d148db2ee1,q99,15.958553480829197,0.35191075508088715,0.0,0.0,0.0,15.958553480829197,0.35191075508088715,1.0194258119812513e-13,1.0194258119812513e-13,2.2479913838947035e-15,2.2479913838947035e-15,41.37472840214635,8852,22.988809431999925,0.013709319419107236,jacobian_ln,target_matched,66,0.0,116.0,65.0,103,66,,1.6350346238156185e-15,,0.028488960000004226,OK,1.0,0.0,45.34829658292159,1.1824457977136977e-08,inactive,10
0,1.3052569912547871,3.1086244689504383e-15,calibration:026d28d148db2ee1,q99,8508.404902863283,187.6234708551394,0.0,0.0,0.0,8500.39696865153,187.4468835360894,369.06011218744766,369.06011218744766,8.138345552818446,8.138345552818446,36.17234281260441,8852,22.988809431999925,9.071434139664906e-17,mean_only,target_matched,,0.0,24510.0,65.0,103,,,,36.172342812604434,,OK,1.0,0.0,45.34829658292158,1.1824458290508274e-08,inactive,10
1,0.0,0.02511332928770882,calibration:026d28d148db2ee1,q99,10.157189747890733,0.22398172352989157,4.230229524221031,0.09328309535211927,0.0,6.074513360437549,0.1339524027656072,8.140564538686634,6.955138329388643,0.15337154361311212,0.17951202263007715,47.75166842704718,8852,22.988809431999925,0.014705002385506543,decoder_calib_rescaled,target_matched,,21.0,28.0,65.0,103,,,,,,OK_UNMATCHED,1.0,0.0,23.528505778750606,0.4811601036101599,inactive,10
1,-9.25185853854297e-18,0.022667086334887454,calibration:026d28d148db2ee1,q99,9.575865201862216,0.21116261933064806,3.869703325093024,0.0853329357644104,0.0,5.503636256917913,0.12136368081162051,7.836273496744119,6.81414547038279,0.1502624332834468,0.17280193512352598,45.328807070749875,8852,22.988809431999925,0.013443407721578128,decoder_plain,target_matched,,20.0,21.0,65.0,103,,,,,,OK_UNMATCHED,1.0,0.0,21.2275885755637,0.5318988821169218,inactive,10
