claim_id,paper_location,claim,type,status,evidence_files,experiment_ids,assumptions,notes,core,v3_change,v4_change,v4_1_change
C01,Abstract; Sec 1 (v4.1),A decoder edit's SAE-re-encoded change can differ from the stated +alpha on feature j,STANDARD_FACT,"PROVED (App A, Prop 4.1)",paper/main.tex; internal evidence package (RESEARCH_PACKET.md),-,linear or linearised encoder,not a contribution,,,,
C02,"Sec 3, Def 3.1 (v4.1)","Edit-fidelity decomposition into target error, D_kept, D_deact, D_new, D_all",DEFINITION,DEFINED; toy equivalence CHECKED,src/saeedit/real/drift.py; tests/test_real_stdlib.py::TestDrift,-,ReLU/JumpReLU/TopK: inactive->inactive features do not change,"toy protected/unprotected leakage equal D_orig/D_new (unit test, 10+ cases)",,,,
C03,"App A, Prop A.1 (v4.1)",Rescaling suffices iff column j of ED restricted to S u P is a multiple of e_j; tied equiangular leakage c*sqrt(m-1)*alpha,STANDARD_FACT,PROVED (App A); CHECKED V3,results/raw/linear_regimes.csv; internal evidence package (run manifest),P3-T2-MISMATCH,identity activation,,,,,
C04,"App A, Prop A.2 (v4.1)",Least-norm solution and Fredholm certificate; duplicate rows residual alpha/sqrt(2),STANDARD_FACT,PROVED (textbook; App A); CHECKED T3 260/260,results/raw/feasibility.csv,P3-T3-FEASIBILITY,,"cites golub2013matrix, bjorck1996numerical",,,,
C05,"App A, Cor A.3 (v4.1)",Special cases: E=D^+ -> decoder is least-norm; scaled orthonormal -> rescaled; tied -> norm sqrt((G^-1)_jj)>=1,STANDARD_FACT,PROVED (App A); CHECKED V1-V3,results/raw/linear_regimes.csv,P3-T2-MISMATCH,full column rank D,,,,,
C06,"App A, Remark A.4 (v4.1)",CGLS (JVP/VJP only) matches dense least-norm,ENGINEERING_CHECK,CHECKED V5 (max rel diff 7.5e-13),results/summary.json; results/reaggregated/paper_numbers.json,P3-T2-MISMATCH,floating point,standard numerics (paige1982lsqr),,,,
C07,"App A, Prop A.5 (v4.1)",ReLU piece exactness; with protected pre-activations fixed only newly activated drift remains; naive post-activation Jacobian cannot activate an inactive target,STANDARD_FACT,PROVED (App A); CHECKED V6 (550 rows),results/raw/activeset_norm.csv,P3-T4-ACTIVESET-NORM,ReLU,,,,,
C08,"App A, Prop A.6 (v4.1)","JumpReLU range gap (0,theta]; TopK eviction; local derivative is not a global inverse",STANDARD_FACT,PROVED (App A); CHECKED T3,results/raw/feasibility.csv,P3-T3-FEASIBILITY,threshold convention a = p*1[p>theta],endpoint comparison lower-bounds TopK changes,,,,
C09,"App A, Prop A.7 (v4.1)",Norm-budget solution is least-norm or ridge on the boundary,STANDARD_FACT,PROVED (more1983computing); CHECKED V7,results/raw/activeset_norm.csv,P3-T4-ACTIVESET-NORM,convex objective,,,,,
C10,Sec 5.3 (toy design); App C (v4.1),Internal success of the LN correction is guaranteed by construction and is not evidence of external control,ARGUMENT,PROVED (trivial) + counterexample C18,paper/main.tex,P3-TX-EXTPROXY,,,,,,
C11,Sec 5.3; App C (v4.1),All verification identities and 260/260 feasibility checks passed,ENGINEERING_CHECK,PASS,internal evidence package (run manifest); results/summary.json,P3-T2..T5,,"code correctness, not a finding",,,,
C12,App C (v4.1),Raw outputs bit-identical across the original run and the rerun after a summary-only fix,ENGINEERING_CHECK,PASS,internal evidence package (run manifest),all toy,,"first run commit 6bc3cf5, rerun 46dbb25",,,,
C13,"Sec 5.3; App D, Table 4 (v4.1)",Linear regimes separate into no mismatch / rescale suffices / removed by LN / infeasible / moved to unprotected,TOY_PREREGISTERED,OBSERVED_IN_TOY (forced by C03-C05),paper/tables/tab_linear.tex; results/raw/linear_regimes.csv,P3-T5-RESCALE-VS-INTERF,class must hold in all 20 instances,,,,,
C14,Sec 5.3 (v4.1),Encoder-gradient steering leaks even when the decoder edit is exact (R0),TOY_PREREGISTERED,OBSERVED_IN_TOY,paper/generated_numbers.tex (EncGradLeakRzero),P3-T2-MISMATCH,E=D^+,,,,,
C15,"Sec 5.3; App D, Table 4 (v4.1)","Protecting a subset raises total leakage (R4b, R5)",TOY_PREREGISTERED,OBSERVED_IN_TOY; no general theorem,paper/tables/tab_linear.tex,P3-T2-MISMATCH,"overcomplete Gaussian decoder, |P|=7",,,,,
C16,"Sec 5.3; App D, Table 9 (v4.1)","In the pre-registered dense ReLU toy, LN had lower total drift than rescaled decoder in few instances (0-10/20) because newly activated drift grows",TOY_PREREGISTERED,OBSERVED_IN_TOY (negative for the method),paper/tables/tab_activeset_relu.tex; results/raw/activeset_norm.csv,P3-T4-ACTIVESET-NORM,median 13 active of d=16 (dense; relevance to real SAEs unverified),preserved failure,,,,
C17,Sec 5.3 (v4.1),Bounded repair reaches a crossing-free edit in 72-80 of 80 rows per ReLU/JumpReLU cell by abandoning the target (median target error 0.23-0.84); TopK repair converges in only 2-66 of 80 rows per cell,TOY_PREREGISTERED,OBSERVED_IN_TOY (negative); row-level counts re-aggregated from raw (earlier '100%' was a per-instance median),results/reaggregated/paper_numbers.json,P3-T4-ACTIVESET-NORM,equality constraints on crossed features,preserved failure,,,,
C18,"App D, Table 6 (v4.1)",Matched-norm trust region beats decoder on internal error,TOY_PREREGISTERED,OBSERVED_IN_TOY; CIRCULAR (optimises the scored metric),paper/tables/tab_norm_budget.tex,P3-T4-ACTIVESET-NORM,,not evidence for the method,,,,
C19,"Sec 5.3, Fig. 1; App D, Table 8 (v4.1)",With sparser active sets LN beats rescaling on internal drift at small alpha; advantage vanishes at alpha=4 for bias -0.5,TOY_EXPLORATORY,EXPLORATORY (added after dev seeds),paper/tables/tab_sparsity_exploratory.tex; paper/figures/alpha_curves.dat; results/raw/sparsity_exploratory.csv,P3-T4b-SPARSITY-EXPLORATORY,internal metric only,"hypothesis about real SAEs, not a finding",,,,
C20,"Sec 6.1; App D, Table 10 (v4.1)",Internal exactness coexists with worse external control when the decoder (not the encoder) matches the external readout (0/20); no change when both noisy (11/20),CONSTRUCTED_COUNTEREXAMPLE,PROVED by construction; OBSERVED,paper/tables/tab_extproxy.tex; results/raw/external_proxy.csv,P3-TX-EXTPROXY,synthetic linear readout,preserved internal/external mismatch,,,,
C21,Sec 2 (v4.1),SAE-TS pseudo-inverse of its fitted effect map scored below SAE-TS on all nine tasks,PRIOR_WORK,"VERIFIED_FROM_SOURCE_TEXT (arXiv:2411.02193 App A.1, Table 3)","internal evidence package (RELATED_WORK.md, source-text notes)",-,,prior evidence against the correction,,,,
C22,Sec 2 (v4.1),Encoder-decoder misalignment already named as a contributor to SAE steering failure (GLP),PRIOR_WORK,VERIFIED_FROM_SOURCE_TEXT (arXiv:2602.06964 Sec 4.1),"internal evidence package (RELATED_WORK.md, source-text notes)",-,,no novelty claimed,,,,
C23,Sec 2 (v4.1),Jacobian null-space projector on SAE readouts already used to recover behaviour with readouts fixed (Cui et al.),PRIOR_WORK,VERIFIED_FROM_SOURCE_TEXT (arXiv:2606.18322 Sec 4),"internal evidence package (RELATED_WORK.md, source-text notes)",-,,no novelty claimed for the projector,,,,
C24,Sec 2 (v4.1),LN correction has the LoReFT/DII least-norm form with non-orthogonal SAE encoder rows,PRIOR_WORK + DERIVATION,DERIVATION (standard),"internal evidence package (RELATED_WORK.md, source-text notes)",-,orthonormal R in DII/LoReFT,,,,,
C25,"App E, Table 12 (v4.1)","Model-SAE contract fields (revisions, hook, width, dtype, context, licenses, defaults)",CONTRACT,"VERIFIED_FROM_SOURCE (HF configs, SAELens@ef4c208, TransformerLens@24b039f)",configs/p3_contract_gpt2_res_jb_l8.json; tests/fixtures/*,P3-REAL-01R,SAELens pre-6.0 defaults apply because cfg.json omits the fields,,,,,
C26,"Sec 4; App E, Table 11 (v4.1)",SAE coordinates = HF hidden state minus per-token mean,CONTRACT,"EXECUTED: float64 parity 1e-13..1e-15 (K2,K3,K7,K10); float32 v1 FAIL on prob tolerance (rounding)",results/contract_exec/contract_exec_report.json; results/contract_exec_v2/contract_exec_report.json,P3-REAL-01R,TL version at training time unverified,,,,,
C27,App E (v4.1),Contract check C1 (config comparison) passes on the verbatim config files,ENGINEERING_CHECK,EXECUTED: PASS,tests/test_real_stdlib.py::TestContract,P3-REAL-01R,,,,,,
C28,App E (v4.1),"SAE tensor shapes W_enc[768x24576], W_dec[24576x768], b_enc, b_dec (F32)",CONTRACT,"EXECUTED: safetensors header read, shapes/dtype match (C2); SAELens weights bitwise equal (K0)",configs/p3_contract_gpt2_res_jb_l8.json,P3-REAL-01R,,,,,,
C29,"Sec 5.2, Table 2; App F (v4.1)","Same-layer fidelity decomposition on GPT-2 small + res-jb L8 (pilot): drift, target error, norm, KL/dNLL, cost with document-cluster intervals",RESULT,"PILOT RAN (8 features, 54 docs, float64); full 64-feature run NOT_RUN",results/real01r/raw_run.csv; results/real01r/summary.json; paper/tables/tab_pilot_*.tex,P3-REAL-01R,approval for deps/downloads required,\todo in paper,,,,
C30,App H (closed branch) (v4.1),Held-out wedding-steering success at matched calibration KL; LN vs decoder/encoder-grad/DiffMean,RESULT,"SUPERSEDED by C46 (P3-REAL-02-LX, BLOCKED at calibration)",results/real02/stage_status.json; configs/p3_real02.json,P3-REAL-02,lexicon label (ActAdd list) independent of SAE,\todo in paper,,,,
C31,Sec 1; Sec 8 (v4.1),The correction improves behaviour,NOT_CLAIMED,NOT_CLAIMED; not supported in the space-lexicon pilot (C48),-,P3-REAL-02,,explicitly not claimed,,,v4: lexical pilot result added,v4.1: unchanged (no behavioural evidence for the correction)
C32,Sec 5.3 (where the real SAE falls) (v4.1),Pre-registered dense toy is unrepresentative of public SAEs,ASSUMPTION,UNVERIFIED,-,P3-REAL-01R (would measure |active|/d),,,,,,
C33,"Sec 4; App E, Table 11 (v4.1)",Pre-registered float32 contract fails (prob diff 2.8e-5 > 1e-5; mean-only KL 6e-7 > 1e-8); float64 diagnostic with same tolerances passes at 1e-13..1e-15,ENGINEERING_CHECK,v1 FAIL kept; v2 PASS_FLOAT64 (v2 designed after v1),results/contract_exec*/contract_exec_report.json; configs/p3_contract_exec*.json,P3-CONTRACT-EXEC,float64 execution,tolerances not relaxed,,,,
C34,"Sec 4, Prop 4.1; App B (v4.1)",Adding c*1 at the layer-8 residual (any positions) leaves GPT-2 logits unchanged; range(P) is the chosen representative of model-visible edits (not the unique valid space),STANDARD_FACT,"PROVED for GPT-2 only (App B, exact arithmetic; mean-subtracting LN readers); UNPROVED elsewhere; CHECKED K9 (KL ~1e-15 float64)",paper/main.tex; results/contract_exec_v2,P3-CONTRACT-EXEC,all residual readers are LayerNorms (GPT-2),,,v3: proof restricted to GPT-2 structure; representative wording; J_eff = J_E(Ph)P,"v4: called a standard consequence of LN mean subtraction; scope-limited to GPT-2, not a contribution",
C35,Sec 4 (v4.1),SAE requires mean-removed inputs: uncentred FVE 0.003 vs centred 0.83 (L0 176 vs 72.4),REAL_MEASUREMENT,EXECUTED,results/contract_exec_v2/contract_exec_report.json,P3-CONTRACT-EXEC,64 calibration windows,,,,,
C36,"Sec 4, Table 1 (v4.1)",Unprojected decoder edits: raw off-slice vs canonical SAE readouts differ by 0.51-1.14x the edit readout change (K8) while logits of the two representatives agree to ~1e-13,REAL_MEASUREMENT,"EXECUTED (descriptive, K8)",results/contract_exec_v2/contract_exec_report.json,P3-CONTRACT-EXEC,4 features x 8 windows,,,v3: stated as raw vs canonical readout (K8 + readout closure),,
C37,removed from the body in v3 (record kept) (v4.1),"Mean-only edits: model KL ~1e-15, SAE drift/rho median 125; at equal norm mean-only has the highest target gain (1.85) of all edits",REAL_MEASUREMENT,CORRECTED in v3: the 125x drift (K9) and the mean-only pilot rows/equal-norm gain 1.85 are raw off-slice readouts E(x+delta)-E(x); canonical readout <= 3.8e-15. Not internal change without external effect,results/contract_exec_v2; results/real01r/summary.json,P3-CONTRACT-EXEC; P3-REAL-01R-PILOT,,v2 interpretation withdrawn; kept here as a record,,v3: relabelled off-training-subspace stress test (results/readout_closure),,
C38,"Sec 5.2, Table 2 (v4.1)","Pilot (8 features, 54 docs): with decoder, encoder row and LN (J_E P) matched at 64/64 test points per dose and target kind, LN has lower same-layer total drift than the projected decoder (active q99: -0.50 [-0.58,-0.42] alpha), smaller norm, lower KL",REAL_MEASUREMENT_PILOT,"PILOT (8 features, 54 docs); internal metrics; not a gate decision",results/real01r/summary.json; paper/tables/tab_pilot_paired.tex,P3-REAL-01R-PILOT,"float64; admissible edits; calibration-only doses; conditional on 8 features x 54 docs (one SAE, one layer)",not evidence of external benefit,CORE-2,v3: full common denominator confirmed (results/real01r_reagg): decoder/encoder/LN matched at 100% of test points,v4: merged with the denominator result (C42); core claim 2,
C39,Sec 5.3 (where the real SAE falls) (v4.1),Real SAE falls in the regime where the correction does not redistribute drift upward (consistent with toy exploratory hypothesis),INTERPRETATION,"CONSISTENT, NOT TESTED (pilot, one layer)",results/real01r/summary.json; results/raw/sparsity_exploratory.csv,P3-REAL-01R-PILOT; P3-T4b,,\todo P3-REAL-01R-FULL,,,,
C40,Sec 6.2; abstract (v4.1),Wedding keyword metric is a lexical proxy; semantic success requires independent evaluation,SCOPE,semantic NOT_RUN; lexical pilot run on the PPLM space list (C48),configs/p3_real02.json,P3-REAL-02; P3-REAL-02-SEM,,\todo in paper,,v3: metric named wedding-lexicon occurrence; lexicon also used for feature/DiffMean selection (disclosed),v4,
C41,"Sec 4, Table 1 (v4.1)","Canonical readout E(P(h+delta))-E(Ph) is invariant to the 1-component; the stored K9 median 124.68 is reproduced by the raw readout E(x0+delta) to 4.6e-16 rel., while the canonical readout is <=3.8e-15 and KL <=1.1e-15; on 16 pilot test points raw=canonical for admissible edits to 3.6e-12",REAL_MEASUREMENT,"EXECUTED (small existing cases, no new data)",results/readout_closure/readout_closure_report.json; results/readout_closure/pilot_subset_raw_vs_canonical.csv; src/saeedit/real/readout_closure.py,P3-READOUT-CLOSURE,"float64, 2 threads; HF path (K3 showed SAELens encode = manual encoder)",,CORE-1,new in v3,v4: stated as a measurement caveat resting on a standard LayerNorm property; not claimed as new,
C42,"Sec 5.2 (denominators); App F, Table 13 (v4.1)","Matched denominators: decoder/encoder-row/LN matched at every pilot test point and dose (target err <=5.1e-8, float32 rounding of stored alpha); random infeasible at 52-55% of points; rescaled decoder matched for all active-target rows and no inactive-target row; 512 mean-only target-matched rows exist only under the raw readout",REAL_MEASUREMENT_PILOT,RE-AGGREGATED from stored raw (no rerun),results/real01r_reagg/*; src/saeedit/real/reagg_matched.py,P3-REAL-01R-PILOT,tolerance 1e-6 fixed in the script before tables were produced,,,new in v3,v4: merged into C38 (no longer a separate core claim),v4.1: table numbers refreshed
C43,Sec 5.2 (denominators); App F (v4.1),"G1 as run (0.426) pooled matched (active: 0.583 [0.452,0.600], n=42) and unmatched (inactive: 0.342 [0.289,0.371], n=40) rows; side of the readout unchanged",REAL_MEASUREMENT_PILOT,"RE-AGGREGATED; descriptive readout, not a gate decision",results/real01r_reagg/reagg_summary.json,P3-REAL-01R-PILOT,,,,new in v3,,
C44,Sec 5.2 (denominators); App F (v4.1),G1-G3 min-unit rule (>=10 docs) and the target-gain metric are in-run amendments (committed at 00:17:39 UTC on 2026-09-27 while the pilot run stage was executing; not in the frozen pilot config),PROVENANCE,LABELLED in v3,results/real01r/stage_status.json (run-stage unix_time); commit timestamps in the internal evidence package,P3-REAL-01R-PILOT,,"v2 text said ""added before any result was read""; true but incomplete",,new in v3,,
C45,Sec 5.2 (denominators) (v4.1),q99 doses of the pilot features rest on 26-134 positive calibration activations; for 3 of 8 features q99 lies between the two largest values; 35 of 64 calibration features have <100 positives,REAL_MEASUREMENT,COMPUTED from calibration_frozen.json,results/real01r_reagg/q99_calibration_counts.csv,P3-REAL-01R-PILOT,linear-interpolation quantile,no post-hoc switch to q90,,new in v3,,
C46,App H (closed branch) (v4.1),"P3-REAL-02-LX (wedding-lexicon occurrence, lexical proxy) is BLOCKED at calibration: v1 (cap 8 windows/article) found 5 hit windows, single-shot amendment v1.1 (all 1943 windows) found 13, both below the pre-set minimum of 20; no test document read, no generation",BLOCKER,BLOCKED (v1 and v1.1 records kept; min_hit_windows not lowered),results/real02_lx/stage_status.json; results/real02_lx/BLOCKED.json; configs/p3_real02_lx.json; configs/p3_real02_lx_v1_1.json,P3-REAL-02-LX,WikiText-103 validation (pinned revision) as the only approved calibration text,"unblocking needs a new frozen protocol (more calibration topic text = new data approval, or a topic WikiText supports)",,new in v3,v4: moved from the body to the appendix; branch closed,
C47,tests only (tests/test_real02_adapter.py); not stated in the manuscript,REAL-02 adapter checks on a synthetic prompt: greedy decoding equals HF generate; cached LN directions equal recomputation (<1e-12); actor edits have mean component <1e-12; mean-only control leaves the continuation unchanged and KL<1e-12,ENGINEERING_CHECK,"PASS (tests/test_real02_adapter.py, P3_MODEL_TESTS=1)",tests/test_real02_adapter.py,P3-REAL-02-LX,float64; 8 generated tokens,test PASS is not evidence for any hypothesis,,new in v3,,
C48,"Sec 6.2, Table 3; abstract (v4.1)","P3-REAL-02-SPACE (32 held-out articles, feature 4671, all actors at the KL-capped budget 0.1 x median norm): primary LN - decoder any-hit difference 0 with 0 discordant articles of 32 (document-bootstrap interval degenerate at [0,0]: not equivalence). Model-based sensitivity only (iid discordance model, unverified; 28/32 articles reused from the internal pilot): one-sided 95% upper bound on the discordance probability 8.9%, two-sided 95% Clopper-Pearson upper 10.9%; |E[diff]| <= Pr(discordance) under that model. Decoder, encoder row and LN never changed occurrence relative to no edit (1/32 hit: ""All-Star"" -> ""star"", a legitimate whole-word hit). DiffMean: 3 discordant articles vs no edit (gained 2, lost 1; net +1), descriptive.",REAL_MEASUREMENT_PILOT,RAN; primary NOT_SUPPORTED (not equivalence); lexical proxy only; dose not extended,results/real02_space/raw_run.csv; results/real02_space/summary.json; results/real02_space/sensitivity_bounds.json; configs/p3_real02_space.json,P3-REAL-02-SPACE,frozen config (commit caf43c8); lexicon also selects feature and DiffMean (supervised lexical objective),sparse events: cannot detect modest differences; no change of seed/length/budget after the run,CORE-3,,new in v4,v4.1: bounds relabelled (one-sided vs two-sided CP; model-based sensitivity); DiffMean stated as 3 discordant/net +1
C49,App H (v4.1),"SPACE support (text-only, bounded whole-word rules fixed before counting): 58 of 1943 calibration windows in 22 of 60 articles (max 9 per article; 28 windows contain ""star"")",DATA_OBSERVATION,COMPUTED (tokenizer only),results/real02_space/support.json,P3-REAL-02-SPACE,windows are not independent documents,,,,new in v4,
C50,Sec 6.2 (v4.1),"Post hoc, descriptive: the greedy continuation differed from no edit in 26 (decoder), 24 (encoder row), 26 (LN) and 31 (DiffMean) of 32 articles (first divergence at token 2-4); mean-only in 0 of 32",POST_HOC_DESCRIPTIVE,COMPUTED after the frozen summary,results/real02_space/posthoc_continuation_change.json,P3-REAL-02-SPACE,,post hoc description; not a substitute outcome,,,new in v4,v4.1: explicitly not a substitute primary
C51,App I (study status) (v4.1),"Study status: METHOD_UTILITY_NOT_SUPPORTED_IN_THIS_PILOT / STUDY_SCOPE_FROZEN (one feature, one budget, one lexical target; not a verdict on SAE steering in general)",STATUS,DECLARED (operational label; not a scientific validity judgement),"paper/claims.csv; paper/main.tex (appendix, Study status)",P3,,"reopening needs an independent behavioural label, calibration-separated data, adequate precision, and a question posed against the closest prior work",,,,new in v4.1
